﻿[null,{"id":1,"battlerName":"","characterIndex":0,"characterName":"girls","classId":1,"equips":[0,0,0,0,0],"faceIndex":0,"faceName":"","traits":[{"code":43,"dataId":1,"value":1},{"code":43,"dataId":2,"value":1}],"initialLevel":1,"maxLevel":99,"name":"雪儿（Ciel）","nickname":"","note":"<SBIImage:0001>","profile":""},{"id":2,"battlerName":"","characterIndex":0,"characterName":"","classId":1,"equips":[0,0,0,0,0],"faceIndex":0,"faceName":"devices","traits":[],"initialLevel":1,"maxLevel":99,"name":"name","nickname":"","note":"<face_actor_state11:1>","profile":""},{"id":3,"battlerName":"","characterIndex":3,"characterName":"girls","classId":1,"equips":[0,0,0,0,0],"faceIndex":0,"faceName":"","traits":[],"initialLevel":1,"maxLevel":99,"name":"诺埃尔","nickname":"","note":"","profile":""},{"id":4,"battlerName":"","characterIndex":0,"characterName":"","classId":1,"equips":[0,0,0,0,0],"faceIndex":0,"faceName":"","traits":[],"initialLevel":1,"maxLevel":99,"name":"","nickname":"","note":"","profile":""},{"id":5,"battlerName":"","characterIndex":0,"characterName":"","classId":1,"equips":[0,0,0,0,0],"faceIndex":0,"faceName":"","traits":[],"initialLevel":1,"maxLevel":99,"name":"","nickname":"","note":"","profile":""}]