﻿[null,{"id":1,"animationId":0,"consumable":false,"damage":{"critical":false,"elementId":0,"formula":"0","type":0,"variance":20},"description":"夜空中最亮的星，请指引我靠近你~","effects":[],"hitType":0,"iconIndex":5,"itypeId":1,"name":"手电筒","note":"<FrontLight:1, 20>","occasion":2,"price":0,"repeats":1,"scope":0,"speed":0,"successRate":100,"tpGain":0},{"id":2,"animationId":0,"consumable":false,"damage":{"critical":false,"elementId":0,"formula":"0","type":0,"variance":20},"description":"含有 1 剂毒药。","effects":[],"hitType":0,"iconIndex":2,"itypeId":1,"name":"药瓶","note":"","occasion":2,"price":0,"repeats":1,"scope":0,"speed":0,"successRate":100,"tpGain":0},{"id":3,"animationId":0,"consumable":false,"damage":{"critical":false,"elementId":0,"formula":"0","type":0,"variance":20},"description":"您可以将药瓶中的内容物一个一个地发射出去。","effects":[],"hitType":0,"iconIndex":7,"itypeId":1,"name":"枪","note":"momen","occasion":2,"price":0,"repeats":1,"scope":0,"speed":0,"successRate":100,"tpGain":0},{"id":4,"animationId":0,"consumable":false,"damage":{"critical":false,"elementId":0,"formula":"0","type":0,"variance":20},"description":"背面有一张备忘录，上面写着“资料室 E-W-S-N”。","effects":[],"hitType":0,"iconIndex":3,"itypeId":1,"name":"员工证","note":"","occasion":2,"price":0,"repeats":1,"scope":0,"speed":0,"successRate":100,"tpGain":0},{"id":5,"animationId":0,"consumable":false,"damage":{"critical":false,"elementId":0,"formula":"0","type":0,"variance":20},"description":"对我来说足够大了，但好像对怪物无效。","effects":[],"hitType":0,"iconIndex":4,"itypeId":1,"name":"小斧头","note":"","occasion":2,"price":0,"repeats":1,"scope":0,"speed":0,"successRate":100,"tpGain":0},{"id":6,"animationId":0,"consumable":false,"damage":{"critical":false,"elementId":0,"formula":"0","type":0,"variance":20},"description":"","effects":[],"hitType":0,"iconIndex":6,"itypeId":1,"name":"输血包","note":"","occasion":2,"price":0,"repeats":1,"scope":0,"speed":0,"successRate":100,"tpGain":0},{"id":7,"animationId":0,"consumable":false,"damage":{"critical":false,"elementId":0,"formula":"0","type":0,"variance":20},"description":"第一个老式记录媒介。将其加载到您的计算机中就可以读取它。","effects":[],"hitType":0,"iconIndex":8,"itypeId":1,"name":"电子员工日志 1","note":"","occasion":2,"price":0,"repeats":1,"scope":0,"speed":0,"successRate":100,"tpGain":0},{"id":8,"animationId":0,"consumable":false,"damage":{"critical":false,"elementId":0,"formula":"0","type":0,"variance":20},"description":"第二个老式记录媒介。将其加载到您的计算机中就可以读取它。","effects":[],"hitType":0,"iconIndex":9,"itypeId":1,"name":"电子员工日志 2","note":"","occasion":2,"price":0,"repeats":1,"scope":0,"speed":0,"successRate":100,"tpGain":0},{"id":9,"animationId":0,"consumable":false,"damage":{"critical":false,"elementId":0,"formula":"0","type":0,"variance":20},"description":"第三个老式记录媒介。将其加载到您的计算机中就可以读取它。","effects":[],"hitType":0,"iconIndex":10,"itypeId":1,"name":"电子员工日志 3","note":"","occasion":2,"price":0,"repeats":1,"scope":0,"speed":0,"successRate":100,"tpGain":0},{"id":10,"animationId":0,"consumable":false,"damage":{"critical":false,"elementId":0,"formula":"0","type":0,"variance":20},"description":"第四个老式记录媒介。将其加载到您的计算机中就可以读取它。","effects":[],"hitType":0,"iconIndex":11,"itypeId":1,"name":"电子员工日志 4","note":"","occasion":2,"price":0,"repeats":1,"scope":0,"speed":0,"successRate":100,"tpGain":0},{"id":11,"animationId":0,"consumable":false,"damage":{"critical":false,"elementId":0,"formula":"0","type":0,"variance":20},"description":"在巨大的走廊里捡到一把红色的钥匙。你可能会进入某个犄角旮旯。","effects":[],"hitType":0,"iconIndex":12,"itypeId":1,"name":"红钥匙","note":"","occasion":2,"price":0,"repeats":1,"scope":0,"speed":0,"successRate":100,"tpGain":0},{"id":12,"animationId":0,"consumable":false,"damage":{"critical":false,"elementId":0,"formula":"0","type":0,"variance":20},"description":"在巨大的走廊里捡到一把蓝色的钥匙。你可能会进入某个犄角旮旯。","effects":[],"hitType":0,"iconIndex":13,"itypeId":1,"name":"蓝钥匙","note":"","occasion":2,"price":0,"repeats":1,"scope":0,"speed":0,"successRate":100,"tpGain":0},{"id":13,"animationId":0,"consumable":false,"damage":{"critical":false,"elementId":0,"formula":"0","type":0,"variance":20},"description":"某人掉落的房间钥匙卡。","effects":[],"hitType":0,"iconIndex":14,"itypeId":1,"name":"某人房间的钥匙 B","note":"","occasion":2,"price":0,"repeats":1,"scope":0,"speed":0,"successRate":100,"tpGain":0},{"id":14,"animationId":0,"consumable":false,"damage":{"critical":false,"elementId":0,"formula":"0","type":0,"variance":20},"description":"拥有进入所有学生房间的权限。","effects":[],"hitType":0,"iconIndex":15,"itypeId":1,"name":"管理员黑卡","note":"","occasion":2,"price":0,"repeats":1,"scope":0,"speed":0,"successRate":100,"tpGain":0},{"id":15,"animationId":0,"consumable":false,"damage":{"critical":false,"elementId":0,"formula":"0","type":0,"variance":20},"description":"某人掉落的房间钥匙卡。","effects":[],"hitType":0,"iconIndex":14,"itypeId":1,"name":"某人房间的钥匙A","note":"","occasion":2,"price":0,"repeats":1,"scope":0,"speed":0,"successRate":100,"tpGain":0},{"id":16,"animationId":0,"consumable":true,"damage":{"critical":false,"elementId":0,"formula":"0","type":0,"variance":20},"description":"","effects":[],"hitType":0,"iconIndex":0,"itypeId":1,"name":"","note":"","occasion":0,"price":0,"repeats":1,"scope":7,"speed":0,"successRate":100,"tpGain":0},{"id":17,"animationId":0,"consumable":true,"damage":{"critical":false,"elementId":0,"formula":"0","type":0,"variance":20},"description":"","effects":[],"hitType":0,"iconIndex":0,"itypeId":1,"name":"","note":"","occasion":0,"price":0,"repeats":1,"scope":7,"speed":0,"successRate":100,"tpGain":0},{"id":18,"animationId":0,"consumable":true,"damage":{"critical":false,"elementId":0,"formula":"0","type":0,"variance":20},"description":"","effects":[],"hitType":0,"iconIndex":0,"itypeId":1,"name":"","note":"","occasion":0,"price":0,"repeats":1,"scope":7,"speed":0,"successRate":100,"tpGain":0},{"id":19,"animationId":0,"consumable":true,"damage":{"critical":false,"elementId":0,"formula":"0","type":0,"variance":20},"description":"","effects":[],"hitType":0,"iconIndex":0,"itypeId":1,"name":"","note":"","occasion":0,"price":0,"repeats":1,"scope":7,"speed":0,"successRate":100,"tpGain":0},{"id":20,"animationId":0,"consumable":true,"damage":{"critical":false,"elementId":0,"formula":"0","type":0,"variance":20},"description":"","effects":[],"hitType":0,"iconIndex":0,"itypeId":1,"name":"","note":"","occasion":0,"price":0,"repeats":1,"scope":7,"speed":0,"successRate":100,"tpGain":0},{"id":21,"animationId":0,"consumable":true,"damage":{"critical":false,"elementId":0,"formula":"0","type":0,"variance":20},"description":"","effects":[],"hitType":0,"iconIndex":0,"itypeId":1,"name":"","note":"","occasion":0,"price":0,"repeats":1,"scope":7,"speed":0,"successRate":100,"tpGain":0},{"id":22,"animationId":0,"consumable":true,"damage":{"critical":false,"elementId":0,"formula":"0","type":0,"variance":20},"description":"","effects":[],"hitType":0,"iconIndex":0,"itypeId":1,"name":"","note":"","occasion":0,"price":0,"repeats":1,"scope":7,"speed":0,"successRate":100,"tpGain":0},{"id":23,"animationId":0,"consumable":true,"damage":{"critical":false,"elementId":0,"formula":"0","type":0,"variance":20},"description":"","effects":[],"hitType":0,"iconIndex":0,"itypeId":1,"name":"","note":"","occasion":0,"price":0,"repeats":1,"scope":7,"speed":0,"successRate":100,"tpGain":0},{"id":24,"animationId":0,"consumable":true,"damage":{"critical":false,"elementId":0,"formula":"0","type":0,"variance":20},"description":"","effects":[],"hitType":0,"iconIndex":0,"itypeId":1,"name":"","note":"","occasion":0,"price":0,"repeats":1,"scope":7,"speed":0,"successRate":100,"tpGain":0},{"id":25,"animationId":0,"consumable":true,"damage":{"critical":false,"elementId":0,"formula":"0","type":0,"variance":20},"description":"","effects":[],"hitType":0,"iconIndex":0,"itypeId":1,"name":"","note":"","occasion":0,"price":0,"repeats":1,"scope":7,"speed":0,"successRate":100,"tpGain":0},{"id":26,"animationId":0,"consumable":true,"damage":{"critical":false,"elementId":0,"formula":"0","type":0,"variance":20},"description":"","effects":[],"hitType":0,"iconIndex":0,"itypeId":1,"name":"","note":"","occasion":0,"price":0,"repeats":1,"scope":7,"speed":0,"successRate":100,"tpGain":0}]