﻿{"autoplayBgm":false,"autoplayBgs":false,"battleback1Name":"","battleback2Name":"","bgm":{"name":"","pan":0,"pitch":100,"volume":90},"bgs":{"name":"","pan":0,"pitch":100,"volume":90},"disableDashing":false,"displayName":"B1F旧通道","encounterList":[],"encounterStep":30,"height":8,"note":"","parallaxLoopX":false,"parallaxLoopY":false,"parallaxName":"","parallaxShow":true,"parallaxSx":0,"parallaxSy":0,"scrollType":0,"specifyBattleback":false,"tilesetId":1,"width":17,"data":[6800,6800,6800,6800,6800,6800,6800,6800,6800,6800,6800,6800,6800,6800,6800,6800,6800,6804,6828,6828,6828,6828,6828,6828,6828,6828,6828,6828,6828,6828,6828,6828,6828,6808,6824,7138,7138,7138,7138,7138,7138,7138,7138,7138,7138,7138,7138,7138,7138,7138,6816,6824,7144,7144,7144,7144,7144,7144,7144,7144,7144,7144,7144,7144,7144,7144,7144,6816,6824,2898,2884,2884,2884,2884,2884,2884,2884,2884,2884,2884,2884,2884,2884,2900,6816,6824,2904,2892,2892,2892,2892,2892,2892,2892,2892,2892,2892,2892,2892,2892,2902,6816,6802,6820,6820,6820,6820,6820,6820,6820,6820,6820,6820,6820,6820,6820,6820,6820,6801,6800,6800,6800,6800,6800,6800,6800,6800,6800,6800,6800,6800,6800,6800,6800,6800,6800,0,0,0,0,0,0,0,0,0,0,0,0,0,0,0,0,0,0,0,0,0,0,0,0,0,0,0,0,0,0,0,0,0,0,0,0,0,0,0,0,0,0,0,0,0,0,0,0,0,0,0,0,0,0,0,0,0,0,0,0,0,0,0,0,0,0,0,0,0,0,0,0,0,0,0,0,0,0,0,0,0,0,0,0,0,0,0,0,0,0,0,0,0,0,0,0,0,0,0,0,0,0,0,0,0,0,0,0,0,0,0,0,0,0,0,0,0,0,0,0,0,0,0,0,0,0,0,0,0,0,0,0,0,0,0,0,0,0,0,0,0,0,0,0,0,0,0,0,0,0,0,0,0,0,0,0,0,0,0,0,0,0,0,0,0,0,0,0,0,0,0,0,0,0,0,0,0,0,0,0,0,0,0,0,0,0,0,0,0,0,0,0,0,0,0,0,0,0,0,0,0,0,0,0,0,0,0,0,0,0,0,0,0,0,0,0,0,0,0,0,0,0,0,0,0,0,0,0,0,0,0,0,0,0,0,0,0,0,0,0,0,0,0,0,0,0,0,0,0,0,0,0,0,0,0,0,0,0,0,0,0,0,0,0,0,0,0,0,0,0,0,0,0,0,0,0,0,0,0,0,0,0,0,0,0,0,0,0,0,0,0,0,0,0,0,0,0,0,0,0,0,0,0,0,0,0,0,247,0,0,0,246,247,246,0,0,0,0,0,513,246,247,0,0,0,0,0,0,0,0,0,0,0,0,0,0,513,0,0,0,0,222,0,0,0,0,0,0,87,0,0,0,0,0,0,223,0,0,230,0,0,0,0,0,0,0,0,0,0,0,0,0,231,0,0,0,0,0,0,0,0,0,0,0,0,0,0,0,0,0,0,0,0,0,0,0,0,0,0,0,0,0,0,0,0,0,0,0,0,0,0,0,0,0,0,0,0,0,0,0,0,0,0,0,0,0,0,0,0,0,0,0,0,0,0,0,0,0,0,0,0,0,0,0,0,0,0,0,0,0,0,0,0,0,0,0,0,0,0,0,0,0,0,0,0,0,0,0,0,0,0,0,0,0,0,0,0,5,0,0,0,0,0,0,0,0,0,0,0,0,0,0,0,0,5,0,0,0,0,0,0,0,0,0,0,0,0,0,0,0,0,0,0,0,0,0,0,0,0,0,0,0,0,0,0,0,0,0,0,0,0,0,0,0,0,0,0,0,0,0,0,0,0,0,0,0,0,0,0,0,0,0,0,0,0,0,0,0,0,0,0,0,0,0,0,0,0,0,0,0,0,0,0,0,0,0,0,0,0,0,0,0,0,0,0,0,0,0,0,0,0,0,0,0,0,0,0,0,0,0,0,0,0,0,0,0,0,0,0,0,0,0,0,0,0,0,0,0,0,0,0,0,0,0,0,0,0,0,0,0,0,0,0,0,0,0,0,0,0,0,0,0,0,0,0,0,0,0,0,0,0,0,0,0,0,0,0,0,0,0,0,0,0,0,0,0,0,0,0,0,0,0,0,0,0,0,0,0,0,0],"events":[null,{"id":1,"name":"EV001","note":"","pages":[{"conditions":{"actorId":1,"actorValid":false,"itemId":1,"itemValid":false,"selfSwitchCh":"A","selfSwitchValid":false,"switch1Id":1,"switch1Valid":false,"switch2Id":1,"switch2Valid":false,"variableId":1,"variableValid":false,"variableValue":0},"directionFix":false,"image":{"tileId":0,"characterName":"!doors1","direction":2,"pattern":0,"characterIndex":2},"list":[{"code":250,"indent":0,"parameters":[{"name":"doorauto","volume":90,"pitch":100,"pan":0}]},{"code":205,"indent":0,"parameters":[0,{"list":[{"code":17},{"code":15,"parameters":[5],"indent":null},{"code":18},{"code":15,"parameters":[5],"indent":null},{"code":19},{"code":37},{"code":0}],"repeat":false,"skippable":false,"wait":true}]},{"code":505,"indent":0,"parameters":[{"code":17}]},{"code":505,"indent":0,"parameters":[{"code":15,"parameters":[5],"indent":null}]},{"code":505,"indent":0,"parameters":[{"code":18}]},{"code":505,"indent":0,"parameters":[{"code":15,"parameters":[5],"indent":null}]},{"code":505,"indent":0,"parameters":[{"code":19}]},{"code":505,"indent":0,"parameters":[{"code":37}]},{"code":201,"indent":0,"parameters":[0,41,4,7,8,0]},{"code":0,"indent":0,"parameters":[]}],"moveFrequency":3,"moveRoute":{"list":[{"code":0,"parameters":[]}],"repeat":true,"skippable":false,"wait":false},"moveSpeed":3,"moveType":0,"priorityType":1,"stepAnime":false,"through":false,"trigger":1,"walkAnime":false}],"x":3,"y":3},{"id":2,"name":"EV002","note":"","pages":[{"conditions":{"actorId":1,"actorValid":false,"itemId":1,"itemValid":false,"selfSwitchCh":"A","selfSwitchValid":false,"switch1Id":1,"switch1Valid":false,"switch2Id":1,"switch2Valid":false,"variableId":1,"variableValid":false,"variableValue":0},"directionFix":false,"image":{"characterIndex":0,"characterName":"","direction":2,"pattern":0,"tileId":0},"list":[{"code":356,"indent":0,"parameters":["LL_GalgeChoiceWindowMV setMessageText 爬上去？"]},{"code":356,"indent":0,"parameters":["LL_GalgeChoiceWindowMV setBtnImage select2 select1 305 9"]},{"code":356,"indent":0,"parameters":["LL_GalgeChoiceWindowMV setBackgroundImage windowbg"]},{"code":356,"indent":0,"parameters":["LL_GalgeChoiceWindowMV setWindowWidth 1024"]},{"code":356,"indent":0,"parameters":["LL_GalgeChoiceWindowMV setItemHeight 30"]},{"code":356,"indent":0,"parameters":["LL_GalgeChoiceWindowMV setChoices 是，否"]},{"code":356,"indent":0,"parameters":["LL_GalgeChoiceWindowMV showChoice 3 1 1"]},{"code":111,"indent":0,"parameters":[1,3,0,1,0]},{"code":221,"indent":1,"parameters":[]},{"code":230,"indent":1,"parameters":[120]},{"code":250,"indent":1,"parameters":[{"name":"hashigo","volume":100,"pitch":100,"pan":0}]},{"code":201,"indent":1,"parameters":[0,1,3,7,8,0]},{"code":230,"indent":1,"parameters":[30]},{"code":222,"indent":1,"parameters":[]},{"code":0,"indent":1,"parameters":[]},{"code":412,"indent":0,"parameters":[]},{"code":111,"indent":0,"parameters":[1,3,0,2,0]},{"code":0,"indent":1,"parameters":[]},{"code":412,"indent":0,"parameters":[]},{"code":0,"indent":0,"parameters":[]}],"moveFrequency":3,"moveRoute":{"list":[{"code":0,"parameters":[]}],"repeat":true,"skippable":false,"wait":false},"moveSpeed":3,"moveType":0,"priorityType":1,"stepAnime":false,"through":false,"trigger":0,"walkAnime":true}],"x":13,"y":3},{"id":3,"name":"EV003","note":"","pages":[{"conditions":{"actorId":3,"actorValid":true,"itemId":1,"itemValid":false,"selfSwitchCh":"A","selfSwitchValid":false,"switch1Id":1,"switch1Valid":false,"switch2Id":1,"switch2Valid":false,"variableId":1,"variableValid":false,"variableValue":0},"directionFix":false,"image":{"characterIndex":0,"characterName":"","direction":2,"pattern":0,"tileId":0},"list":[{"code":205,"indent":0,"parameters":[-1,{"list":[{"code":12,"indent":null},{"code":0}],"repeat":false,"skippable":false,"wait":true}]},{"code":505,"indent":0,"parameters":[{"code":12,"indent":null}]},{"code":230,"indent":0,"parameters":[30]},{"code":101,"indent":0,"parameters":["",0,0,2]},{"code":401,"indent":0,"parameters":["诺埃尔"]},{"code":401,"indent":0,"parameters":["这是你小时候曾经进来的地方。"]},{"code":101,"indent":0,"parameters":["",0,0,2]},{"code":401,"indent":0,"parameters":["诺埃尔"]},{"code":401,"indent":0,"parameters":["但是你怎么会落到这样的地方呢？"]},{"code":101,"indent":0,"parameters":["",0,0,2]},{"code":401,"indent":0,"parameters":["西尔"]},{"code":401,"indent":0,"parameters":["……想起来了，我小时候经常和两个人玩捉迷藏。"]},{"code":356,"indent":0,"parameters":["skit start"]},{"code":356,"indent":0,"parameters":["skit pose pic t 049"]},{"code":356,"indent":0,"parameters":["skit fadeIn pic t center 60"]},{"code":230,"indent":0,"parameters":[120]},{"code":101,"indent":0,"parameters":["",0,0,2]},{"code":401,"indent":0,"parameters":["诺埃尔"]},{"code":401,"indent":0,"parameters":["那一定是它了。"]},{"code":101,"indent":0,"parameters":["",0,0,2]},{"code":401,"indent":0,"parameters":["诺埃尔"]},{"code":401,"indent":0,"parameters":["你们是怎么相处的？"]},{"code":401,"indent":0,"parameters":["我一定有很多姐妹。"]},{"code":101,"indent":0,"parameters":["",0,0,2]},{"code":401,"indent":0,"parameters":["西尔"]},{"code":401,"indent":0,"parameters":["嗯……怎么样？"]},{"code":101,"indent":0,"parameters":["",0,0,2]},{"code":401,"indent":0,"parameters":["西尔"]},{"code":401,"indent":0,"parameters":["……我总是一个人看书，但是Vaio邀请我玩。"]},{"code":401,"indent":0,"parameters":["桃野也是读者，所以在一起。"]},{"code":101,"indent":0,"parameters":["",0,0,2]},{"code":401,"indent":0,"parameters":["西尔"]},{"code":401,"indent":0,"parameters":["我喜欢独处的时光，但是..."]},{"code":401,"indent":0,"parameters":["Vaio 说他不能丢下她一个人。"]},{"code":101,"indent":0,"parameters":["",0,0,2]},{"code":401,"indent":0,"parameters":["诺埃尔"]},{"code":401,"indent":0,"parameters":["无论好坏。在那之后？"]},{"code":101,"indent":0,"parameters":["",0,0,2]},{"code":401,"indent":0,"parameters":["西尔"]},{"code":401,"indent":0,"parameters":["我立马回了房间……"]},{"code":356,"indent":0,"parameters":["skit pose pic t 049a"]},{"code":101,"indent":0,"parameters":["",0,0,2]},{"code":401,"indent":0,"parameters":["西尔"]},{"code":401,"indent":0,"parameters":["在那之后，Vaio 开始和 Momono 一起来到房间。"]},{"code":401,"indent":0,"parameters":["我开始觉得和一个人在一起也不错。"]},{"code":101,"indent":0,"parameters":["",0,0,2]},{"code":401,"indent":0,"parameters":["西尔"]},{"code":401,"indent":0,"parameters":["当我们成为朋友时是暧昧的……在我们知道之前，我们在一起了。"]},{"code":101,"indent":0,"parameters":["",0,0,2]},{"code":401,"indent":0,"parameters":["西尔"]},{"code":401,"indent":0,"parameters":["我从没想过，但也许我很高兴。"]},{"code":101,"indent":0,"parameters":["",0,0,2]},{"code":401,"indent":0,"parameters":["诺埃尔"]},{"code":401,"indent":0,"parameters":["不好。"]},{"code":230,"indent":0,"parameters":[120]},{"code":356,"indent":0,"parameters":["skit fadeOut pic t 60"]},{"code":356,"indent":0,"parameters":["skit end"]},{"code":111,"indent":0,"parameters":[0,424,1]},{"code":356,"indent":1,"parameters":["QuickNotification enable"]},{"code":356,"indent":1,"parameters":["QuickNotification register"]},{"code":101,"indent":1,"parameters":["",0,0,2]},{"code":401,"indent":1,"parameters":["成就解锁“在我们曾经一起迷失的黑暗路上”"]},{"code":121,"indent":1,"parameters":[424,424,0]},{"code":356,"indent":1,"parameters":["CommonSave save"]},{"code":0,"indent":1,"parameters":[]},{"code":412,"indent":0,"parameters":[]},{"code":123,"indent":0,"parameters":["A",0]},{"code":0,"indent":0,"parameters":[]}],"moveFrequency":3,"moveRoute":{"list":[{"code":0,"parameters":[]}],"repeat":true,"skippable":false,"wait":false},"moveSpeed":3,"moveType":0,"priorityType":0,"stepAnime":false,"through":false,"trigger":3,"walkAnime":true},{"conditions":{"actorId":1,"actorValid":false,"itemId":1,"itemValid":false,"selfSwitchCh":"A","selfSwitchValid":true,"switch1Id":1,"switch1Valid":false,"switch2Id":1,"switch2Valid":false,"variableId":1,"variableValid":false,"variableValue":0},"directionFix":false,"image":{"characterIndex":0,"characterName":"","direction":2,"pattern":0,"tileId":0},"list":[{"code":0,"indent":0,"parameters":[]}],"moveFrequency":3,"moveRoute":{"list":[{"code":0,"parameters":[]}],"repeat":true,"skippable":false,"wait":false},"moveSpeed":3,"moveType":0,"priorityType":0,"stepAnime":false,"through":false,"trigger":0,"walkAnime":true}],"x":0,"y":0}]}