﻿{"autoplayBgm":false,"autoplayBgs":false,"battleback1Name":"","battleback2Name":"","bgm":{"name":"","pan":0,"pitch":100,"volume":90},"bgs":{"name":"","pan":0,"pitch":100,"volume":90},"disableDashing":false,"displayName":"1F电梯","encounterList":[],"encounterStep":30,"height":9,"note":"","parallaxLoopX":false,"parallaxLoopY":false,"parallaxName":"","parallaxShow":true,"parallaxSx":0,"parallaxSy":0,"scrollType":0,"specifyBattleback":false,"tilesetId":1,"width":9,"data":[6800,6804,6828,6828,6828,6828,6828,6808,6800,6800,6824,5123,5122,5122,5122,5126,6816,6800,6800,6824,5129,5128,5128,5128,5132,6816,6800,6800,6824,2898,2884,2884,2884,2900,6816,6800,6800,6824,2880,2864,2864,2864,2888,6816,6800,6800,6824,2880,2864,2864,2864,2888,6816,6800,6800,6824,2904,2892,2876,2892,2902,6816,6800,6800,6802,6820,6836,2896,6834,6820,6801,6800,6800,6800,6800,6824,2896,6816,6800,6800,6800,0,0,0,0,0,0,0,0,0,0,0,0,0,0,0,0,0,0,0,0,0,0,0,0,0,0,0,0,0,0,0,0,0,0,0,0,0,0,0,0,0,0,0,0,0,0,0,0,0,0,0,0,0,0,0,0,0,0,0,0,0,0,0,0,0,0,0,0,0,0,0,0,0,0,0,0,0,0,0,0,0,0,0,0,0,0,0,0,0,0,0,0,0,0,0,0,0,0,0,0,0,0,0,0,0,0,0,0,0,0,0,0,0,0,0,0,0,0,0,0,0,0,0,0,0,0,0,0,0,0,0,0,0,0,0,0,0,0,0,0,0,0,0,0,0,0,0,0,0,0,0,0,0,0,0,0,0,0,0,0,0,0,0,0,0,0,0,0,0,0,0,0,0,0,0,0,0,0,0,0,0,0,0,0,0,0,0,0,0,0,0,0,0,0,0,0,0,0,0,0,0,0,0,0,0,0,0,0,0,0,814,0,814,0,0,0,0,0,0,822,0,822,0,0,0,0,0,0,0,0,0,0,0,0,0,0,0,0,0,0,0,0,0,0,0,0,0,0,0,0,0,0,0,0,0,0,0,0,0,0,0,0,0,0,0,0,0,0,0,0,0,0,5,0,0,0,0,0,0,0,0,5,0,0,0,0,0,0,0,0,5,0,0,0,0,0,0,0,0,5,0,0,0,0,0,0,0,0,0,0,0,0,0,0,0,0,0,0,0,5,0,0,0,0,0,0,0,0,0,0,0,0,0,0,0,0,0,0,0,0,0,0,0,0,0,0,0,0,0,0,0,0,0,0,0,0,0,0,0,0,0,0,0,0,0,0,0,0,0,0,0,0,0,0,0,0,0,0,0,0,0,0,0,0,0,0,0,0,0,0,0,0,0,0,0,0,0,0,0,0,0,0,0,0,0],"events":[null,{"id":1,"name":"EV001","note":"","pages":[{"conditions":{"actorId":1,"actorValid":false,"itemId":1,"itemValid":false,"selfSwitchCh":"A","selfSwitchValid":false,"switch1Id":1,"switch1Valid":false,"switch2Id":1,"switch2Valid":false,"variableId":1,"variableValid":false,"variableValue":0},"directionFix":false,"image":{"characterIndex":0,"characterName":"","direction":2,"pattern":0,"tileId":0},"list":[{"code":250,"indent":0,"parameters":[{"name":"doorauto","volume":90,"pitch":100,"pan":0}]},{"code":201,"indent":0,"parameters":[0,42,12,10,2,0]},{"code":0,"indent":0,"parameters":[]}],"moveFrequency":3,"moveRoute":{"list":[{"code":0,"parameters":[]}],"repeat":true,"skippable":false,"wait":false},"moveSpeed":3,"moveType":0,"priorityType":1,"stepAnime":false,"through":false,"trigger":1,"walkAnime":true}],"x":4,"y":8},{"id":2,"name":"EV002","note":"","pages":[{"conditions":{"actorId":1,"actorValid":false,"itemId":1,"itemValid":false,"selfSwitchCh":"A","selfSwitchValid":false,"switch1Id":431,"switch1Valid":false,"switch2Id":1,"switch2Valid":false,"variableId":1,"variableValid":false,"variableValue":0},"directionFix":false,"image":{"tileId":0,"characterName":"!lights","direction":2,"pattern":1,"characterIndex":3},"list":[{"code":356,"indent":0,"parameters":["LL_GalgeChoiceWindowMV setMessageText 你要去几楼？"]},{"code":356,"indent":0,"parameters":["LL_GalgeChoiceWindowMV setBtnImage select2 select1 305 9"]},{"code":356,"indent":0,"parameters":["LL_GalgeChoiceWindowMV setBackgroundImage windowbg"]},{"code":356,"indent":0,"parameters":["LL_GalgeChoiceWindowMV setWindowWidth 1024"]},{"code":356,"indent":0,"parameters":["LL_GalgeChoiceWindowMV setItemHeight 30"]},{"code":356,"indent":0,"parameters":["LL_GalgeChoiceWindowMV setChoices B1F↓,B2F↓,B3F↓,B4F↓,返回"]},{"code":356,"indent":0,"parameters":["LL_GalgeChoiceWindowMV showChoice 3 1 1"]},{"code":111,"indent":0,"parameters":[1,3,0,1,0]},{"code":230,"indent":1,"parameters":[30]},{"code":225,"indent":1,"parameters":[1,1,30,false]},{"code":250,"indent":1,"parameters":[{"name":"elevetor","volume":100,"pitch":100,"pan":0}]},{"code":356,"indent":1,"parameters":["createFilter elev1 motionblur 0"]},{"code":356,"indent":1,"parameters":["setFilter elev1 0 5"]},{"code":221,"indent":1,"parameters":[]},{"code":201,"indent":1,"parameters":[0,41,4,3,8,0]},{"code":356,"indent":1,"parameters":["eraseFilter elev1"]},{"code":242,"indent":1,"parameters":[1]},{"code":230,"indent":1,"parameters":[60]},{"code":241,"indent":1,"parameters":[{"name":"0301ex","volume":90,"pitch":100,"pan":0}]},{"code":222,"indent":1,"parameters":[]},{"code":0,"indent":1,"parameters":[]},{"code":412,"indent":0,"parameters":[]},{"code":111,"indent":0,"parameters":[1,3,0,2,0]},{"code":230,"indent":1,"parameters":[30]},{"code":225,"indent":1,"parameters":[1,1,30,false]},{"code":250,"indent":1,"parameters":[{"name":"elevetor","volume":100,"pitch":100,"pan":0}]},{"code":356,"indent":1,"parameters":["createFilter elev1 motionblur 0"]},{"code":356,"indent":1,"parameters":["setFilter elev1 0 5"]},{"code":221,"indent":1,"parameters":[]},{"code":201,"indent":1,"parameters":[0,18,4,3,8,0]},{"code":356,"indent":1,"parameters":["eraseFilter elev1"]},{"code":242,"indent":1,"parameters":[1]},{"code":230,"indent":1,"parameters":[60]},{"code":241,"indent":1,"parameters":[{"name":"0306ex","volume":90,"pitch":100,"pan":0}]},{"code":222,"indent":1,"parameters":[]},{"code":0,"indent":1,"parameters":[]},{"code":412,"indent":0,"parameters":[]},{"code":111,"indent":0,"parameters":[1,3,0,3,0]},{"code":230,"indent":1,"parameters":[30]},{"code":225,"indent":1,"parameters":[1,1,30,false]},{"code":250,"indent":1,"parameters":[{"name":"elevetor","volume":100,"pitch":100,"pan":0}]},{"code":356,"indent":1,"parameters":["createFilter elev1 motionblur 0"]},{"code":356,"indent":1,"parameters":["setFilter elev1 0 5"]},{"code":221,"indent":1,"parameters":[]},{"code":201,"indent":1,"parameters":[0,19,4,3,8,0]},{"code":356,"indent":1,"parameters":["eraseFilter elev1"]},{"code":242,"indent":1,"parameters":[1]},{"code":230,"indent":1,"parameters":[60]},{"code":241,"indent":1,"parameters":[{"name":"1106","volume":90,"pitch":100,"pan":0}]},{"code":222,"indent":1,"parameters":[]},{"code":0,"indent":1,"parameters":[]},{"code":412,"indent":0,"parameters":[]},{"code":111,"indent":0,"parameters":[1,3,0,4,0]},{"code":230,"indent":1,"parameters":[30]},{"code":225,"indent":1,"parameters":[1,1,30,false]},{"code":250,"indent":1,"parameters":[{"name":"elevetor","volume":100,"pitch":100,"pan":0}]},{"code":356,"indent":1,"parameters":["createFilter elev1 motionblur 0"]},{"code":356,"indent":1,"parameters":["setFilter elev1 0 5"]},{"code":221,"indent":1,"parameters":[]},{"code":201,"indent":1,"parameters":[0,39,4,3,8,0]},{"code":356,"indent":1,"parameters":["eraseFilter elev1"]},{"code":242,"indent":1,"parameters":[1]},{"code":230,"indent":1,"parameters":[60]},{"code":241,"indent":1,"parameters":[{"name":"P04","volume":90,"pitch":100,"pan":0}]},{"code":222,"indent":1,"parameters":[]},{"code":0,"indent":1,"parameters":[]},{"code":412,"indent":0,"parameters":[]},{"code":111,"indent":0,"parameters":[1,3,0,5,0]},{"code":0,"indent":1,"parameters":[]},{"code":412,"indent":0,"parameters":[]},{"code":0,"indent":0,"parameters":[]}],"moveFrequency":3,"moveRoute":{"list":[{"code":0,"parameters":[]}],"repeat":true,"skippable":false,"wait":false},"moveSpeed":3,"moveType":0,"priorityType":1,"stepAnime":false,"through":false,"trigger":0,"walkAnime":true}],"x":4,"y":2},{"id":3,"name":"EV003","note":"<PLM:!B1elM>","pages":[{"conditions":{"actorId":1,"actorValid":false,"itemId":1,"itemValid":false,"selfSwitchCh":"A","selfSwitchValid":false,"switch1Id":1,"switch1Valid":false,"switch2Id":1,"switch2Valid":false,"variableId":1,"variableValid":false,"variableValue":0},"directionFix":false,"image":{"characterIndex":0,"characterName":"","direction":2,"pattern":0,"tileId":0},"list":[{"code":205,"indent":0,"parameters":[0,{"list":[{"code":43,"parameters":[2],"indent":null},{"code":0}],"repeat":false,"skippable":false,"wait":true}]},{"code":505,"indent":0,"parameters":[{"code":43,"parameters":[2],"indent":null}]},{"code":0,"indent":0,"parameters":[]}],"moveFrequency":3,"moveRoute":{"list":[{"code":0,"parameters":[]}],"repeat":true,"skippable":false,"wait":false},"moveSpeed":3,"moveType":0,"priorityType":2,"stepAnime":false,"through":false,"trigger":4,"walkAnime":true}],"x":0,"y":0},{"id":4,"name":"EV004","note":"","pages":[{"conditions":{"actorId":1,"actorValid":false,"itemId":1,"itemValid":false,"selfSwitchCh":"A","selfSwitchValid":false,"switch1Id":1,"switch1Valid":false,"switch2Id":1,"switch2Valid":false,"variableId":1,"variableValid":false,"variableValue":0},"directionFix":false,"image":{"tileId":0,"characterName":"!$LM2","direction":4,"pattern":1,"characterIndex":0},"list":[{"code":205,"indent":0,"parameters":[0,{"list":[{"code":43,"parameters":[1],"indent":null},{"code":0}],"repeat":false,"skippable":false,"wait":true}]},{"code":505,"indent":0,"parameters":[{"code":43,"parameters":[1],"indent":null}]},{"code":0,"indent":0,"parameters":[]}],"moveFrequency":3,"moveRoute":{"list":[{"code":0,"parameters":[]}],"repeat":true,"skippable":false,"wait":false},"moveSpeed":4,"moveType":0,"priorityType":1,"stepAnime":true,"through":true,"trigger":4,"walkAnime":true}],"x":3,"y":5},{"id":5,"name":"EV005","note":"","pages":[{"conditions":{"actorId":1,"actorValid":false,"itemId":1,"itemValid":false,"selfSwitchCh":"A","selfSwitchValid":false,"switch1Id":1,"switch1Valid":false,"switch2Id":1,"switch2Valid":false,"variableId":1,"variableValid":false,"variableValue":0},"directionFix":false,"image":{"tileId":0,"characterName":"!$LM2","direction":4,"pattern":1,"characterIndex":0},"list":[{"code":205,"indent":0,"parameters":[0,{"list":[{"code":43,"parameters":[1],"indent":null},{"code":0}],"repeat":false,"skippable":false,"wait":true}]},{"code":505,"indent":0,"parameters":[{"code":43,"parameters":[1],"indent":null}]},{"code":0,"indent":0,"parameters":[]}],"moveFrequency":3,"moveRoute":{"list":[{"code":0,"parameters":[]}],"repeat":true,"skippable":false,"wait":false},"moveSpeed":4,"moveType":0,"priorityType":1,"stepAnime":true,"through":true,"trigger":4,"walkAnime":true}],"x":5,"y":5},{"id":6,"name":"EV006","note":"","pages":[{"conditions":{"actorId":1,"actorValid":false,"itemId":1,"itemValid":false,"selfSwitchCh":"A","selfSwitchValid":false,"switch1Id":1,"switch1Valid":false,"switch2Id":1,"switch2Valid":false,"variableId":1,"variableValid":false,"variableValue":0},"directionFix":false,"image":{"characterIndex":0,"characterName":"","direction":2,"pattern":0,"tileId":0},"list":[{"code":356,"indent":0,"parameters":["particle clear night"]},{"code":242,"indent":0,"parameters":[1]},{"code":223,"indent":0,"parameters":[[0,0,0,0],1,false]},{"code":0,"indent":0,"parameters":[]}],"moveFrequency":3,"moveRoute":{"list":[{"code":0,"parameters":[]}],"repeat":true,"skippable":false,"wait":false},"moveSpeed":3,"moveType":0,"priorityType":0,"stepAnime":false,"through":false,"trigger":4,"walkAnime":true}],"x":1,"y":0},null]}