﻿{"autoplayBgm":false,"autoplayBgs":false,"battleback1Name":"","battleback2Name":"","bgm":{"name":"","pan":0,"pitch":100,"volume":90},"bgs":{"name":"","pan":0,"pitch":100,"volume":90},"disableDashing":false,"displayName":"","encounterList":[],"encounterStep":30,"height":13,"note":"","parallaxLoopX":false,"parallaxLoopY":false,"parallaxName":"","parallaxShow":true,"parallaxSx":0,"parallaxSy":0,"scrollType":0,"specifyBattleback":false,"tilesetId":1,"width":22,"data":[0,0,0,0,0,0,0,0,0,0,0,0,0,0,0,0,0,0,0,0,0,0,0,0,0,0,0,0,0,0,0,0,0,0,0,0,0,0,0,0,0,0,0,0,0,0,0,0,0,0,0,0,0,0,0,0,0,0,0,0,0,0,0,0,0,0,0,0,0,0,0,0,0,0,0,0,0,0,0,0,0,0,0,0,0,0,0,0,0,0,0,0,0,0,0,0,0,0,0,0,0,0,0,0,0,0,0,0,0,0,0,0,0,0,0,0,0,0,0,0,0,0,0,0,0,0,0,0,0,0,0,0,0,0,0,0,0,0,0,0,0,0,0,0,0,0,0,0,0,0,0,0,0,0,0,0,0,0,0,0,0,0,0,0,0,0,0,0,0,0,0,0,0,0,0,0,0,0,0,0,0,0,0,0,0,0,0,0,0,0,0,0,0,0,0,0,0,0,0,0,0,0,0,0,0,0,0,0,0,0,0,0,0,0,0,0,0,0,0,0,0,0,0,0,0,0,0,0,0,0,0,0,0,0,0,0,0,0,0,0,0,0,0,0,0,0,0,0,0,0,0,0,0,0,0,0,0,0,0,0,0,0,0,0,0,0,0,0,0,0,0,0,0,0,0,0,0,0,0,0,0,0,0,0,0,0,0,0,0,0,0,0,0,0,0,0,0,0,0,0,0,0,0,0,0,0,0,0,0,0,0,0,0,0,0,0,0,0,0,0,0,0,0,0,0,0,0,0,0,0,0,0,0,0,0,0,0,0,0,0,0,0,0,0,0,0,0,0,0,0,0,0,0,0,0,0,0,0,0,0,0,0,0,0,0,0,0,0,0,0,0,0,0,0,0,0,0,0,0,0,0,0,0,0,0,0,0,0,0,0,0,0,0,0,0,0,0,0,0,0,0,0,0,0,0,0,0,0,0,0,0,0,0,0,0,0,0,0,0,0,0,0,0,0,0,0,0,0,0,0,0,0,0,0,0,0,0,0,0,0,0,0,0,0,0,0,0,0,0,0,0,0,0,0,0,0,0,0,0,0,0,0,0,0,0,0,0,0,0,0,0,0,0,0,0,0,0,0,0,0,0,0,0,0,0,0,0,0,0,0,0,0,0,0,0,0,0,0,0,0,0,0,0,0,0,0,0,0,0,0,0,0,0,0,0,0,0,0,0,0,0,0,0,0,0,0,0,0,0,0,0,0,0,0,0,0,0,0,0,0,0,0,0,0,0,0,0,0,0,0,0,0,0,0,0,0,0,0,0,0,0,0,0,0,0,0,0,0,0,0,0,0,0,0,0,0,0,0,0,0,0,0,0,0,0,0,0,0,0,0,0,0,0,0,0,0,0,0,0,0,0,0,0,0,0,0,0,0,0,0,0,0,0,0,0,0,0,0,0,0,0,0,0,0,0,0,0,0,0,0,0,0,0,0,0,0,0,0,0,0,0,0,0,0,0,0,0,0,0,0,0,0,0,0,0,0,0,0,0,0,0,0,0,0,0,0,0,0,0,0,0,0,0,0,0,0,0,0,0,0,0,0,0,0,0,0,0,0,0,0,0,0,0,0,0,0,0,0,0,0,0,0,0,0,0,0,0,0,0,0,0,0,0,0,0,0,0,0,0,0,0,0,0,0,0,0,0,0,0,0,0,0,0,0,0,0,0,0,0,0,0,0,0,0,0,0,0,0,0,0,0,0,0,0,0,0,0,0,0,0,0,0,0,0,0,0,0,0,0,0,0,0,0,0,0,0,0,0,0,0,0,0,0,0,0,0,0,0,0,0,0,0,0,0,0,0,0,0,0,0,0,0,0,0,0,0,0,0,0,0,0,0,0,0,0,0,0,0,0,0,0,0,0,0,0,0,0,0,0,0,0,0,0,0,0,0,0,0,0,0,0,0,0,0,0,0,0,0,0,0,0,0,0,0,0,0,0,0,0,0,0,0,0,0,0,0,0,0,0,0,0,0,0,0,0,0,0,0,0,0,0,0,0,0,0,0,0,0,0,0,0,0,0,0,0,0,0,0,0,0,0,0,0,0,0,0,0,0,0,0,0,0,0,0,0,0,0,0,0,0,0,0,0,0,0,0,0,0,0,0,0,0,0,0,0,0,0,0,0,0,0,0,0,0,0,0,0,0,0,0,0,0,0,0,0,0,0,0,0,0,0,0,0,0,0,0,0,0,0,0,0,0,0,0,0,0,0,0,0,0,0,0,0,0,0,0,0,0,0,0,0,0,0,0,0,0,0,0,0,0,0,0,0,0,0,0,0,0,0,0,0,0,0,0,0,0,0,0,0,0,0,0,0,0,0,0,0,0,0,0,0,0,0,0,0,0,0,0,0,0,0,0,0,0,0,0,0,0,0,0,0,0,0,0,0,0,0,0,0,0,0,0,0,0,0,0,0,0,0,0,0,0,0,0,0,0,0,0,0,0,0,0,0,0,0,0,0,0,0,0,0,0,0,0,0,0,0,0,0,0,0,0,0,0,0,0,0,0,0,0,0,0,0,0,0,0,0,0,0,0,0,0,0,0,0,0,0,0,0,0,0,0,0,0,0,0,0,0,0,0,0,0,0,0,0,0,0,0,0,0,0,0,0,0,0,0,0,0,0,0,0,0,0,0,0,0,0,0,0,0,0,0,0,0,0,0,0,0,0,0,0,0,0,0,0,0,0,0,0,0,0,0,0,0,0,0,0,0,0,0,0,0,0,0,0,0,0,0,0,0,0,0,0,0,0,0,0,0,0,0,0,0,0,0,0,0,0,0,0,0,0,0,0,0,0,0,0,0,0,0,0,0,0,0,0,0,0,0,0,0,0,0,0,0,0,0,0,0,0,0,0,0,0,0,0,0,0,0,0,0,0,0,0,0,0,0,0,0,0,0,0,0,0,0,0,0,0,0,0,0,0,0,0,0,0,0,0,0,0,0,0,0,0,0,0,0,0,0,0,0,0,0,0,0,0,0,0,0,0,0,0,0,0,0,0,0,0,0,0,0,0,0,0,0,0,0,0,0,0,0,0,0,0,0,0,0,0,0,0,0,0,0,0,0,0,0,0,0,0,0,0,0,0,0,0,0,0,0,0,0,0,0,0,0,0,0,0,0,0,0,0,0,0,0,0,0,0,0,0,0,0,0,0,0,0,0,0,0,0,0,0,0,0,0,0,0,0,0,0,0,0,0,0,0,0,0,0,0,0,0,0,0,0,0,0,0,0,0,0,0,0,0,0,0,0,0,0,0,0,0,0,0,0,0,0,0,0,0,0,0,0,0,0,0,0,0,0,0,0,0,0,0,0,0,0,0,0,0,0,0,0,0,0,0,0,0,0,0,0,0,0,0,0,0,0,0,0,0,0,0,0,0,0,0,0,0,0,0,0,0,0,0,0,0,0,0,0,0,0,0,0,0,0,0,0,0,0,0,0,0,0,0,0,0,0,0,0,0,0,0,0,0,0,0,0,0,0,0,0,0,0,0,0,0,0,0,0,0,0,0,0,0,0,0,0,0,0,0,0,0,0,0,251,251,251,251,251,251,251,251,251,251,251,251,251,251,251,251,251,251,251,251,251,251,251,251,251,251,251,251,251,251,251,251,251,251,251,251,251,251,251,251,251,251,251,251,251,251,251,251,251,251,251,251,251,251,251,251,251,251,251,251,251,251,251,251,251,251,251,251,251,251,251,251,251,251,251,251,251,251,251,251,251,251,251,251,251,251,251,251,0,0,0,0,0,0,0,0,0,251,251,251,251,0,0,0,0,0,0,0,0,0,0,0,0,0,0,0,0,0,0,251,251,251,251,0,0,0,0,0,0,0,0,0,0,0,0,0,0,0,0,0,0,251,251,251,251,0,0,0,0,0,0,0,0,0],"events":[null,{"id":1,"name":"EV001","note":"<PLM:!SNP>","pages":[{"conditions":{"actorId":1,"actorValid":false,"itemId":1,"itemValid":false,"selfSwitchCh":"A","selfSwitchValid":false,"switch1Id":1,"switch1Valid":false,"switch2Id":1,"switch2Valid":false,"variableId":1,"variableValid":false,"variableValue":0},"directionFix":false,"image":{"characterIndex":0,"characterName":"","direction":2,"pattern":0,"tileId":0},"list":[{"code":0,"indent":0,"parameters":[]}],"moveFrequency":3,"moveRoute":{"list":[{"code":0,"parameters":[]}],"repeat":true,"skippable":false,"wait":false},"moveSpeed":3,"moveType":0,"priorityType":1,"stepAnime":false,"through":false,"trigger":4,"walkAnime":true}],"x":0,"y":0},{"id":2,"name":"EV002","note":"","pages":[{"conditions":{"actorId":1,"actorValid":false,"itemId":1,"itemValid":false,"selfSwitchCh":"A","selfSwitchValid":false,"switch1Id":1,"switch1Valid":false,"switch2Id":1,"switch2Valid":false,"variableId":1,"variableValid":false,"variableValue":0},"directionFix":true,"image":{"tileId":0,"characterName":"$!girl","direction":6,"pattern":1,"characterIndex":0},"list":[{"code":230,"indent":0,"parameters":[300]},{"code":356,"indent":0,"parameters":["particle exceed city1 10"]},{"code":211,"indent":0,"parameters":[0]},{"code":101,"indent":0,"parameters":["",0,0,2]},{"code":401,"indent":0,"parameters":["几年后，在地球上。"]},{"code":230,"indent":0,"parameters":[120]},{"code":241,"indent":0,"parameters":[{"name":"rain","volume":45,"pitch":100,"pan":0}]},{"code":250,"indent":0,"parameters":[{"name":"walk","volume":70,"pitch":100,"pan":0}]},{"code":230,"indent":0,"parameters":[180]},{"code":101,"indent":0,"parameters":["",0,0,2]},{"code":401,"indent":0,"parameters":["西尔"]},{"code":401,"indent":0,"parameters":["你是谁？"]},{"code":101,"indent":0,"parameters":["",0,0,2]},{"code":401,"indent":0,"parameters":["????"]},{"code":401,"indent":0,"parameters":["我不会回答。"]},{"code":101,"indent":0,"parameters":["",0,0,2]},{"code":401,"indent":0,"parameters":["西尔"]},{"code":401,"indent":0,"parameters":["你为什么在这"]},{"code":401,"indent":0,"parameters":["因为生活在地球上的人们已经——"]},{"code":101,"indent":0,"parameters":["",0,0,2]},{"code":401,"indent":0,"parameters":["西尔"]},{"code":401,"indent":0,"parameters":["……你，难道是？"]},{"code":101,"indent":0,"parameters":["",0,0,2]},{"code":401,"indent":0,"parameters":["西尔"]},{"code":401,"indent":0,"parameters":["绿眼神？"]},{"code":230,"indent":0,"parameters":[120]},{"code":222,"indent":0,"parameters":[]},{"code":230,"indent":0,"parameters":[180]},{"code":101,"indent":0,"parameters":["",0,0,2]},{"code":401,"indent":0,"parameters":["????"]},{"code":401,"indent":0,"parameters":["然后呢"]},{"code":101,"indent":0,"parameters":["",0,0,2]},{"code":401,"indent":0,"parameters":["西尔"]},{"code":401,"indent":0,"parameters":["…… 惊喜。跟人没什么区别。"]},{"code":101,"indent":0,"parameters":["",0,0,2]},{"code":401,"indent":0,"parameters":["????"]},{"code":401,"indent":0,"parameters":["对借用了『暗之神』之力的你，我想我不能这么说。"]},{"code":230,"indent":0,"parameters":[90]},{"code":101,"indent":0,"parameters":["",0,0,2]},{"code":401,"indent":0,"parameters":["西尔"]},{"code":401,"indent":0,"parameters":["嘿，告诉我你的名字"]},{"code":101,"indent":0,"parameters":["",0,0,2]},{"code":401,"indent":0,"parameters":["????"]},{"code":401,"indent":0,"parameters":["我无意回答。"]},{"code":101,"indent":0,"parameters":["",0,0,2]},{"code":401,"indent":0,"parameters":["西尔"]},{"code":401,"indent":0,"parameters":["……是的。没关系。"]},{"code":401,"indent":0,"parameters":["我只是想找个人倾诉。"]},{"code":230,"indent":0,"parameters":[120]},{"code":101,"indent":0,"parameters":["",0,0,2]},{"code":401,"indent":0,"parameters":["西尔"]},{"code":401,"indent":0,"parameters":["最后的人类刚刚死去。"]},{"code":101,"indent":0,"parameters":["",0,0,2]},{"code":401,"indent":0,"parameters":["西尔"]},{"code":401,"indent":0,"parameters":["我刚刚送你去天堂。"]},{"code":401,"indent":0,"parameters":["他坚持到最后。"]},{"code":356,"indent":0,"parameters":["particle set city3 weather def -2"]},{"code":101,"indent":0,"parameters":["",0,0,2]},{"code":401,"indent":0,"parameters":["????"]},{"code":401,"indent":0,"parameters":["你为什么这么说我？你有什么事吗？"]},{"code":401,"indent":0,"parameters":["谁知道是谁毁灭了人类？"]},{"code":101,"indent":0,"parameters":["",0,0,2]},{"code":401,"indent":0,"parameters":["西尔"]},{"code":401,"indent":0,"parameters":["……如果遇见你，我想问问。"]},{"code":401,"indent":0,"parameters":["是什么让你想要毁灭人类？"]},{"code":101,"indent":0,"parameters":["",0,0,2]},{"code":401,"indent":0,"parameters":["????"]},{"code":401,"indent":0,"parameters":["……故意把我从睡梦中叫醒的不是别人，正是人类。"]},{"code":101,"indent":0,"parameters":["",0,0,2]},{"code":401,"indent":0,"parameters":["????"]},{"code":401,"indent":0,"parameters":["而我，也曾经被人类利用过。"]},{"code":401,"indent":0,"parameters":["如果你不相信我，没关系。"]},{"code":101,"indent":0,"parameters":["",0,0,2]},{"code":401,"indent":0,"parameters":["西尔"]},{"code":401,"indent":0,"parameters":["不。相信。"]},{"code":101,"indent":0,"parameters":["",0,0,2]},{"code":401,"indent":0,"parameters":["????"]},{"code":401,"indent":0,"parameters":["……"]},{"code":230,"indent":0,"parameters":[90]},{"code":101,"indent":0,"parameters":["",0,0,2]},{"code":401,"indent":0,"parameters":["????"]},{"code":401,"indent":0,"parameters":["……‘绿眼神’原本是被人类封印的，"]},{"code":401,"indent":0,"parameters":["那是睡着时力量被吸干的存在。"]},{"code":101,"indent":0,"parameters":["",0,0,2]},{"code":401,"indent":0,"parameters":["????"]},{"code":401,"indent":0,"parameters":["人类剥夺了我所有的自由。"]},{"code":401,"indent":0,"parameters":["我忍不住讨厌人类。"]},{"code":101,"indent":0,"parameters":["",0,0,2]},{"code":401,"indent":0,"parameters":["????"]},{"code":401,"indent":0,"parameters":["嗯……在我醒来之前，地球已经处于崩溃的边缘。"]},{"code":101,"indent":0,"parameters":["",0,0,2]},{"code":401,"indent":0,"parameters":["西尔"]},{"code":401,"indent":0,"parameters":["电子？"]},{"code":101,"indent":0,"parameters":["",0,0,2]},{"code":401,"indent":0,"parameters":["????"]},{"code":401,"indent":0,"parameters":["你听说过“星星星星”这个词吗？"]},{"code":401,"indent":0,"parameters":["有时人类很容易受到异常的影响。"]},{"code":101,"indent":0,"parameters":["",0,0,2]},{"code":401,"indent":0,"parameters":["????"]},{"code":401,"indent":0,"parameters":["当我醒来时，其他邪恶的怪物已经苏醒了。"]},{"code":401,"indent":0,"parameters":["能让人为之疯狂的怪物。"]},{"code":101,"indent":0,"parameters":["",0,0,2]},{"code":401,"indent":0,"parameters":["????"]},{"code":401,"indent":0,"parameters":["怪事就像自然现象。"]},{"code":101,"indent":0,"parameters":["",0,0,2]},{"code":401,"indent":0,"parameters":["????"]},{"code":401,"indent":0,"parameters":["不只是我，这个世界上的魔物，大部分都是为了伤害人类而设计的。"]},{"code":401,"indent":0,"parameters":["自创之时即已定，不可抗拒。"]},{"code":101,"indent":0,"parameters":["",0,0,2]},{"code":401,"indent":0,"parameters":["西尔"]},{"code":401,"indent":0,"parameters":["是的。"]},{"code":101,"indent":0,"parameters":["",0,0,2]},{"code":401,"indent":0,"parameters":["????"]},{"code":401,"indent":0,"parameters":["……问我为什么，你打算怎么办？"]},{"code":101,"indent":0,"parameters":["",0,0,2]},{"code":401,"indent":0,"parameters":["????"]},{"code":401,"indent":0,"parameters":["我敢肯定，无论出于何种原因，你都会恨我。"]},{"code":401,"indent":0,"parameters":["你所遭遇的不幸，很可能是因为地球的毁灭。"]},{"code":101,"indent":0,"parameters":["",0,0,2]},{"code":401,"indent":0,"parameters":["????"]},{"code":401,"indent":0,"parameters":["它不会杀了我，但可以把我推倒，做任何你想做的事。"]},{"code":230,"indent":0,"parameters":[90]},{"code":356,"indent":0,"parameters":["particle clear city3"]},{"code":101,"indent":0,"parameters":["",0,0,2]},{"code":401,"indent":0,"parameters":["西尔"]},{"code":401,"indent":0,"parameters":["我现在觉得很奇怪。"]},{"code":101,"indent":0,"parameters":["",0,0,2]},{"code":401,"indent":0,"parameters":["西尔"]},{"code":401,"indent":0,"parameters":["我，我的姐妹们，我的妈妈。"]},{"code":401,"indent":0,"parameters":["你不开心是你的错吗？"]},{"code":101,"indent":0,"parameters":["",0,0,2]},{"code":401,"indent":0,"parameters":["西尔"]},{"code":401,"indent":0,"parameters":["不过，这可能是真的。"]},{"code":101,"indent":0,"parameters":["",0,0,2]},{"code":401,"indent":0,"parameters":["西尔"]},{"code":401,"indent":0,"parameters":["地球毁灭后，决定如何处理它，"]},{"code":401,"indent":0,"parameters":["我母亲收容所的人和研究所的人。"]},{"code":101,"indent":0,"parameters":["",0,0,2]},{"code":401,"indent":0,"parameters":["西尔"]},{"code":401,"indent":0,"parameters":["所以我真的不明白。即使他们说这是你的错"]},{"code":401,"indent":0,"parameters":["也许我应该讨厌它。"]},{"code":101,"indent":0,"parameters":["",0,0,2]},{"code":401,"indent":0,"parameters":["????"]},{"code":401,"indent":0,"parameters":["那你讨厌人类吗？"]},{"code":101,"indent":0,"parameters":["",0,0,2]},{"code":401,"indent":0,"parameters":["西尔"]},{"code":401,"indent":0,"parameters":["可能是这样。"]},{"code":230,"indent":0,"parameters":[90]},{"code":101,"indent":0,"parameters":["",0,0,2]},{"code":401,"indent":0,"parameters":["????"]},{"code":401,"indent":0,"parameters":["那你为什么要做拯救人类这样愚蠢的事情呢？"]},{"code":101,"indent":0,"parameters":["",0,0,2]},{"code":401,"indent":0,"parameters":["????"]},{"code":401,"indent":0,"parameters":["怪物对人类或多或少都有伤害。"]},{"code":401,"indent":0,"parameters":["就算不是怪物本身的意志，想要拯救人类也是不可能的。"]},{"code":101,"indent":0,"parameters":["",0,0,2]},{"code":401,"indent":0,"parameters":["西尔"]},{"code":401,"indent":0,"parameters":["我不想死，所以我借用了怪物的力量。"]},{"code":401,"indent":0,"parameters":["如果就这样放着我，我肯定会被撕成碎片变成怪物。"]},{"code":101,"indent":0,"parameters":["",0,0,2]},{"code":401,"indent":0,"parameters":["西尔"]},{"code":401,"indent":0,"parameters":["此外，我想相信那里有好人。"]},{"code":401,"indent":0,"parameters":["其实，刚才见到的那个人，也是一样的。"]},{"code":101,"indent":0,"parameters":["",0,0,2]},{"code":401,"indent":0,"parameters":["????"]},{"code":401,"indent":0,"parameters":["是不是好人就得保护？"]},{"code":401,"indent":0,"parameters":["我可以这么说，因为我不认识一个真正的坏人。"]},{"code":101,"indent":0,"parameters":["",0,0,2]},{"code":401,"indent":0,"parameters":["????"]},{"code":401,"indent":0,"parameters":["哈。明明是一样的怪物，怎么会差那么多呢？"]},{"code":401,"indent":0,"parameters":["我在人圈之外，听不懂你的话。"]},{"code":230,"indent":0,"parameters":[90]},{"code":101,"indent":0,"parameters":["",0,0,2]},{"code":401,"indent":0,"parameters":["西尔"]},{"code":401,"indent":0,"parameters":["我觉得你也是人。"]},{"code":101,"indent":0,"parameters":["",0,0,2]},{"code":401,"indent":0,"parameters":["????"]},{"code":401,"indent":0,"parameters":["你说什么？"]},{"code":242,"indent":0,"parameters":[20]},{"code":356,"indent":0,"parameters":["particle update city1 frequency 3"]},{"code":356,"indent":0,"parameters":["particle update city2 frequency 0.08"]},{"code":101,"indent":0,"parameters":["",0,0,2]},{"code":401,"indent":0,"parameters":["西尔"]},{"code":401,"indent":0,"parameters":["在某种程度上，我可能做出了一个不人道的选择。"]},{"code":401,"indent":0,"parameters":["恨是很自然的。"]},{"code":101,"indent":0,"parameters":["",0,0,2]},{"code":401,"indent":0,"parameters":["西尔"]},{"code":401,"indent":0,"parameters":["因为你妈妈也讨厌你这样的人类。"]},{"code":101,"indent":0,"parameters":["",0,0,2]},{"code":401,"indent":0,"parameters":["????"]},{"code":401,"indent":0,"parameters":["你要同情吗？他令人毛骨悚然。"]},{"code":401,"indent":0,"parameters":["不知道各位“彩虹神”爪牙们是怎么想的。"]},{"code":101,"indent":0,"parameters":["",0,0,2]},{"code":401,"indent":0,"parameters":["西尔"]},{"code":401,"indent":0,"parameters":["不。我没有同情心。"]},{"code":101,"indent":0,"parameters":["",0,0,2]},{"code":401,"indent":0,"parameters":["西尔"]},{"code":401,"indent":0,"parameters":["我们无法改变眼前的LUK生活。"]},{"code":401,"indent":0,"parameters":["唯一的选择是你如何处理它。"]},{"code":101,"indent":0,"parameters":["",0,0,2]},{"code":401,"indent":0,"parameters":["西尔"]},{"code":401,"indent":0,"parameters":["我们只是采取不同的方式。"]},{"code":101,"indent":0,"parameters":["",0,0,2]},{"code":401,"indent":0,"parameters":["????"]},{"code":401,"indent":0,"parameters":["……"]},{"code":101,"indent":0,"parameters":["",0,0,2]},{"code":401,"indent":0,"parameters":["????"]},{"code":401,"indent":0,"parameters":["人类已经死了，不是吗？"]},{"code":401,"indent":0,"parameters":["我们没有幸运的生活了。"]},{"code":101,"indent":0,"parameters":["",0,0,2]},{"code":401,"indent":0,"parameters":["????"]},{"code":401,"indent":0,"parameters":["多年来，将大陆封闭在黑暗中是一件很麻烦的事。"]},{"code":401,"indent":0,"parameters":["因为被破坏死的人少了，怪物们也通过自相残杀的方式消失了。"]},{"code":101,"indent":0,"parameters":["",0,0,2]},{"code":401,"indent":0,"parameters":["????"]},{"code":401,"indent":0,"parameters":["如果他们不这样做，人类将在不到一年的时间内灭绝。"]},{"code":101,"indent":0,"parameters":["",0,0,2]},{"code":401,"indent":0,"parameters":["西尔"]},{"code":401,"indent":0,"parameters":["可能是这样。"]},{"code":230,"indent":0,"parameters":[90]},{"code":356,"indent":0,"parameters":["particle update city2 frequency 0.1"]},{"code":101,"indent":0,"parameters":["",0,0,2]},{"code":401,"indent":0,"parameters":["????"]},{"code":401,"indent":0,"parameters":["……它应该已经完成​​了拯救人类的任务了。"]},{"code":101,"indent":0,"parameters":["",0,0,2]},{"code":401,"indent":0,"parameters":["????"]},{"code":401,"indent":0,"parameters":["不如丢掉这个星球，去找“彩虹之神”？"]},{"code":401,"indent":0,"parameters":["如果有那个神爪牙的力量，应该可以穿越次元。"]},{"code":101,"indent":0,"parameters":["",0,0,2]},{"code":401,"indent":0,"parameters":["西尔"]},{"code":401,"indent":0,"parameters":["是的。但我自然而然地来到了这里。"]},{"code":101,"indent":0,"parameters":["",0,0,2]},{"code":401,"indent":0,"parameters":["西尔"]},{"code":401,"indent":0,"parameters":["我可能对你感兴趣"]},{"code":401,"indent":0,"parameters":["看到与自己不同的事物会导致了解自己。"]},{"code":101,"indent":0,"parameters":["",0,0,2]},{"code":401,"indent":0,"parameters":["????"]},{"code":401,"indent":0,"parameters":["一个连自己都不了解的人，又怎么可能了解深渊呢？"]},{"code":101,"indent":0,"parameters":["",0,0,2]},{"code":401,"indent":0,"parameters":["西尔"]},{"code":401,"indent":0,"parameters":["我不知道，所以我很感兴趣。"]},{"code":101,"indent":0,"parameters":["",0,0,2]},{"code":401,"indent":0,"parameters":["西尔"]},{"code":401,"indent":0,"parameters":["我小的时候姐姐给我读书。青蛙……这是什么？"]},{"code":401,"indent":0,"parameters":["当你得到你想要的东西时，你就不再想要它了。也许是一样的。"]},{"code":356,"indent":0,"parameters":["particle update city1 frequency 6"]},{"code":356,"indent":0,"parameters":["particle update city2 frequency 0.2"]},{"code":101,"indent":0,"parameters":["",0,0,2]},{"code":401,"indent":0,"parameters":["????"]},{"code":401,"indent":0,"parameters":["……我已经走了。"]},{"code":401,"indent":0,"parameters":["留在这个空间没有意义。"]},{"code":101,"indent":0,"parameters":["",0,0,2]},{"code":401,"indent":0,"parameters":["????"]},{"code":401,"indent":0,"parameters":["也许我们会在深渊世界重逢。"]},{"code":401,"indent":0,"parameters":["对于那个很抱歉。"]},{"code":101,"indent":0,"parameters":["",0,0,2]},{"code":401,"indent":0,"parameters":["西尔"]},{"code":401,"indent":0,"parameters":["再见。"]},{"code":230,"indent":0,"parameters":[120]},{"code":221,"indent":0,"parameters":[]},{"code":230,"indent":0,"parameters":[120]},{"code":205,"indent":0,"parameters":[0,{"list":[{"code":39,"indent":null},{"code":0}],"repeat":false,"skippable":false,"wait":true}]},{"code":505,"indent":0,"parameters":[{"code":39,"indent":null}]},{"code":356,"indent":0,"parameters":["particle update city2 frequency 100"]},{"code":356,"indent":0,"parameters":["particle clear city1"]},{"code":356,"indent":0,"parameters":["particle clear city2"]},{"code":205,"indent":0,"parameters":[7,{"list":[{"code":4,"indent":null},{"code":4,"indent":null},{"code":0}],"repeat":false,"skippable":false,"wait":true}]},{"code":505,"indent":0,"parameters":[{"code":4,"indent":null}]},{"code":505,"indent":0,"parameters":[{"code":4,"indent":null}]},{"code":101,"indent":0,"parameters":["",0,0,2]},{"code":401,"indent":0,"parameters":["西尔"]},{"code":401,"indent":0,"parameters":["……不知道我是不是也快点去。"]},{"code":101,"indent":0,"parameters":["",0,0,2]},{"code":401,"indent":0,"parameters":["西尔"]},{"code":401,"indent":0,"parameters":["……那。"]},{"code":121,"indent":0,"parameters":[97,97,0]},{"code":230,"indent":0,"parameters":[120]},{"code":222,"indent":0,"parameters":[]},{"code":230,"indent":0,"parameters":[120]},{"code":101,"indent":0,"parameters":["",0,0,2]},{"code":401,"indent":0,"parameters":["西尔"]},{"code":401,"indent":0,"parameters":["……彩虹。这是……"]},{"code":401,"indent":0,"parameters":["我第一次看到它..."]},{"code":101,"indent":0,"parameters":["",0,0,2]},{"code":401,"indent":0,"parameters":["西尔"]},{"code":401,"indent":0,"parameters":["…………美丽的。"]},{"code":230,"indent":0,"parameters":[120]},{"code":221,"indent":0,"parameters":[]},{"code":242,"indent":0,"parameters":[2]},{"code":230,"indent":0,"parameters":[120]},{"code":101,"indent":0,"parameters":["",0,0,2]},{"code":401,"indent":0,"parameters":["To be continued?"]},{"code":230,"indent":0,"parameters":[120]},{"code":123,"indent":0,"parameters":["A",0]},{"code":354,"indent":0,"parameters":[]},{"code":0,"indent":0,"parameters":[]}],"moveFrequency":3,"moveRoute":{"list":[{"code":0,"parameters":[]}],"repeat":true,"skippable":false,"wait":false},"moveSpeed":3,"moveType":0,"priorityType":1,"stepAnime":true,"through":false,"trigger":4,"walkAnime":true},{"conditions":{"actorId":1,"actorValid":false,"itemId":1,"itemValid":false,"selfSwitchCh":"A","selfSwitchValid":true,"switch1Id":1,"switch1Valid":false,"switch2Id":1,"switch2Valid":false,"variableId":1,"variableValid":false,"variableValue":0},"directionFix":false,"image":{"characterIndex":0,"characterName":"","direction":2,"pattern":0,"tileId":0},"list":[{"code":0,"indent":0,"parameters":[]}],"moveFrequency":3,"moveRoute":{"list":[{"code":0,"parameters":[]}],"repeat":true,"skippable":false,"wait":false},"moveSpeed":3,"moveType":0,"priorityType":0,"stepAnime":false,"through":false,"trigger":0,"walkAnime":true}],"x":11,"y":6},{"id":3,"name":"EV003","note":"<PLM:!SN>","pages":[{"conditions":{"actorId":1,"actorValid":false,"itemId":1,"itemValid":false,"selfSwitchCh":"A","selfSwitchValid":false,"switch1Id":430,"switch1Valid":false,"switch2Id":1,"switch2Valid":false,"variableId":1,"variableValid":false,"variableValue":0},"directionFix":false,"image":{"characterIndex":0,"characterName":"","direction":2,"pattern":0,"tileId":0},"list":[{"code":0,"indent":0,"parameters":[]}],"moveFrequency":5,"moveRoute":{"list":[{"code":42,"parameters":[255],"indent":null},{"code":0,"parameters":[]}],"repeat":false,"skippable":false,"wait":false},"moveSpeed":6,"moveType":3,"priorityType":0,"stepAnime":false,"through":false,"trigger":4,"walkAnime":true},{"conditions":{"actorId":1,"actorValid":false,"itemId":1,"itemValid":false,"selfSwitchCh":"A","selfSwitchValid":false,"switch1Id":97,"switch1Valid":true,"switch2Id":1,"switch2Valid":false,"variableId":1,"variableValid":false,"variableValue":0},"directionFix":false,"image":{"characterIndex":0,"characterName":"","direction":2,"pattern":0,"tileId":0},"list":[{"code":0,"indent":0,"parameters":[]}],"moveFrequency":3,"moveRoute":{"list":[{"code":42,"parameters":[0],"indent":null},{"code":0,"parameters":[]}],"repeat":false,"skippable":false,"wait":false},"moveSpeed":3,"moveType":3,"priorityType":0,"stepAnime":false,"through":false,"trigger":4,"walkAnime":true}],"x":3,"y":0},{"id":4,"name":"EV004","note":"","pages":[{"conditions":{"actorId":1,"actorValid":false,"itemId":1,"itemValid":false,"selfSwitchCh":"A","selfSwitchValid":false,"switch1Id":1,"switch1Valid":false,"switch2Id":1,"switch2Valid":false,"variableId":1,"variableValid":false,"variableValue":0},"directionFix":false,"image":{"characterIndex":0,"characterName":"","direction":2,"pattern":0,"tileId":0},"list":[{"code":356,"indent":0,"parameters":["particle set city1 weather def -2"]},{"code":0,"indent":0,"parameters":[]}],"moveFrequency":3,"moveRoute":{"list":[{"code":0,"parameters":[]}],"repeat":true,"skippable":false,"wait":false},"moveSpeed":3,"moveType":0,"priorityType":0,"stepAnime":false,"through":false,"trigger":4,"walkAnime":true}],"x":0,"y":1},{"id":5,"name":"EV005","note":"<PLM:!SNM>","pages":[{"conditions":{"actorId":1,"actorValid":false,"itemId":1,"itemValid":false,"selfSwitchCh":"A","selfSwitchValid":false,"switch1Id":1,"switch1Valid":false,"switch2Id":1,"switch2Valid":false,"variableId":1,"variableValid":false,"variableValue":0},"directionFix":false,"image":{"characterIndex":0,"characterName":"","direction":2,"pattern":0,"tileId":0},"list":[{"code":205,"indent":0,"parameters":[0,{"list":[{"code":43,"parameters":[2],"indent":null},{"code":0}],"repeat":false,"skippable":false,"wait":false}]},{"code":505,"indent":0,"parameters":[{"code":43,"parameters":[2],"indent":null}]},{"code":0,"indent":0,"parameters":[]}],"moveFrequency":3,"moveRoute":{"list":[{"code":0,"parameters":[]}],"repeat":true,"skippable":false,"wait":false},"moveSpeed":3,"moveType":0,"priorityType":2,"stepAnime":false,"through":false,"trigger":4,"walkAnime":true},{"conditions":{"actorId":1,"actorValid":false,"itemId":1,"itemValid":false,"selfSwitchCh":"A","selfSwitchValid":false,"switch1Id":97,"switch1Valid":true,"switch2Id":1,"switch2Valid":false,"variableId":1,"variableValid":false,"variableValue":0},"directionFix":false,"image":{"characterIndex":0,"characterName":"","direction":2,"pattern":0,"tileId":0},"list":[{"code":0,"indent":0,"parameters":[]}],"moveFrequency":3,"moveRoute":{"list":[{"code":42,"parameters":[70],"indent":null},{"code":0,"parameters":[]}],"repeat":true,"skippable":false,"wait":false},"moveSpeed":3,"moveType":3,"priorityType":0,"stepAnime":false,"through":false,"trigger":0,"walkAnime":true}],"x":1,"y":0},{"id":6,"name":"EV006","note":"","pages":[{"conditions":{"actorId":1,"actorValid":false,"itemId":1,"itemValid":false,"selfSwitchCh":"A","selfSwitchValid":false,"switch1Id":1,"switch1Valid":false,"switch2Id":1,"switch2Valid":false,"variableId":1,"variableValid":false,"variableValue":0},"directionFix":false,"image":{"characterIndex":0,"characterName":"","direction":2,"pattern":0,"tileId":0},"list":[{"code":356,"indent":0,"parameters":["particle set city2 weather def -2"]},{"code":0,"indent":0,"parameters":[]}],"moveFrequency":3,"moveRoute":{"list":[{"code":0,"parameters":[]}],"repeat":true,"skippable":false,"wait":false},"moveSpeed":3,"moveType":0,"priorityType":0,"stepAnime":false,"through":false,"trigger":4,"walkAnime":true}],"x":1,"y":1},{"id":7,"name":"elb","note":"","pages":[{"conditions":{"actorId":1,"actorValid":false,"itemId":1,"itemValid":false,"selfSwitchCh":"A","selfSwitchValid":false,"switch1Id":1,"switch1Valid":false,"switch2Id":1,"switch2Valid":false,"variableId":1,"variableValid":false,"variableValue":0},"directionFix":false,"image":{"tileId":0,"characterName":"girlsc","direction":8,"pattern":1,"characterIndex":0},"list":[{"code":0,"indent":0,"parameters":[]}],"moveFrequency":3,"moveRoute":{"list":[{"code":0,"parameters":[]}],"repeat":true,"skippable":false,"wait":false},"moveSpeed":4,"moveType":0,"priorityType":1,"stepAnime":true,"through":false,"trigger":0,"walkAnime":true}],"x":10,"y":8},null,{"id":9,"name":"EV009","note":"<PLM:!SN2>","pages":[{"conditions":{"actorId":1,"actorValid":false,"itemId":1,"itemValid":false,"selfSwitchCh":"A","selfSwitchValid":false,"switch1Id":430,"switch1Valid":false,"switch2Id":1,"switch2Valid":false,"variableId":1,"variableValid":false,"variableValue":0},"directionFix":false,"image":{"characterIndex":0,"characterName":"","direction":2,"pattern":0,"tileId":0},"list":[{"code":0,"indent":0,"parameters":[]}],"moveFrequency":5,"moveRoute":{"list":[{"code":42,"parameters":[0],"indent":null},{"code":0,"parameters":[]}],"repeat":false,"skippable":false,"wait":false},"moveSpeed":6,"moveType":3,"priorityType":0,"stepAnime":false,"through":false,"trigger":4,"walkAnime":true},{"conditions":{"actorId":1,"actorValid":false,"itemId":1,"itemValid":false,"selfSwitchCh":"A","selfSwitchValid":false,"switch1Id":97,"switch1Valid":true,"switch2Id":1,"switch2Valid":false,"variableId":1,"variableValid":false,"variableValue":0},"directionFix":false,"image":{"characterIndex":0,"characterName":"","direction":2,"pattern":0,"tileId":0},"list":[{"code":0,"indent":0,"parameters":[]}],"moveFrequency":3,"moveRoute":{"list":[{"code":42,"parameters":[255],"indent":null},{"code":0,"parameters":[]}],"repeat":false,"skippable":false,"wait":false},"moveSpeed":3,"moveType":3,"priorityType":0,"stepAnime":false,"through":false,"trigger":4,"walkAnime":true}],"x":2,"y":0},null]}