﻿{"autoplayBgm":false,"autoplayBgs":false,"battleback1Name":"","battleback2Name":"","bgm":{"name":"","pan":0,"pitch":100,"volume":90},"bgs":{"name":"","pan":0,"pitch":100,"volume":90},"disableDashing":false,"displayName":"B4F处置场","encounterList":[],"encounterStep":30,"height":12,"note":"","parallaxLoopX":false,"parallaxLoopY":false,"parallaxName":"","parallaxShow":true,"parallaxSx":0,"parallaxSy":0,"scrollType":0,"specifyBattleback":false,"tilesetId":1,"width":11,"data":[5888,5888,5888,5912,0,0,0,5904,5888,5888,5888,5888,5888,5888,5912,0,0,0,5904,5888,5888,5888,5888,5888,5888,5912,0,0,0,5904,5888,5888,5888,5888,5888,5888,5912,0,0,0,5904,5888,5888,5888,5888,5888,5888,5912,0,0,0,5904,5888,5888,5888,5888,5888,5888,5912,0,0,0,5904,5888,5888,5888,5888,5888,5888,5912,0,0,0,5904,5888,5888,5888,5888,5888,5888,5912,0,0,0,5904,5888,5888,5888,5888,5888,5888,5912,0,0,0,5904,5888,5888,5888,5888,5888,5888,5912,0,0,0,5904,5888,5888,5888,5888,5888,5888,5912,6843,6833,6845,5904,5888,5888,5888,5888,5888,5888,5890,5908,5908,5908,5889,5888,5888,5888,0,0,0,0,3552,3536,3560,0,0,0,0,0,0,0,0,3552,3536,3560,0,0,0,0,0,0,0,0,3552,3536,3560,0,0,0,0,0,0,0,0,3552,3536,3560,0,0,0,0,0,0,0,0,3552,3536,3560,0,0,0,0,0,0,0,0,3552,3536,3560,0,0,0,0,0,0,0,0,3552,3536,3560,0,0,0,0,0,0,0,0,3552,3536,3560,0,0,0,0,0,0,0,0,3552,3536,3560,0,0,0,0,0,0,0,0,3576,3564,3574,0,0,0,0,0,0,0,0,4203,4193,4205,0,0,0,0,0,0,0,0,0,0,0,0,0,0,0,0,0,0,0,0,0,0,0,0,0,0,0,0,0,0,0,0,0,0,0,0,0,0,0,0,0,0,0,0,0,0,0,0,0,0,0,0,0,0,0,0,0,0,0,0,0,0,0,0,0,0,0,0,0,0,0,0,0,0,0,0,0,0,0,0,0,0,0,0,0,0,0,0,0,0,0,0,0,0,0,0,325,326,0,0,0,0,0,0,0,0,0,0,334,0,0,0,0,0,0,0,0,0,0,0,0,0,0,0,0,0,0,0,0,0,0,0,0,0,0,0,0,0,0,0,0,0,0,0,0,0,0,0,0,0,0,0,0,0,0,0,0,0,0,0,0,0,0,0,0,0,0,0,0,0,0,0,0,0,0,0,0,0,0,0,0,0,0,0,0,0,0,0,0,0,0,0,0,0,0,0,0,0,0,0,0,0,0,0,0,0,814,0,814,0,0,0,0,0,0,0,0,822,308,822,0,0,0,0,0,0,0,0,872,316,327,0,0,0,0,0,0,0,0,333,865,335,0,0,0,0,0,0,0,0,341,342,343,0,0,0,0,0,0,0,0,0,0,0,0,0,0,0,0,0,0,0,0,0,0,0,0,0,0,0,0,0,0,0,0,0,0,0,0,0,0,0,0,0,0,0,0,0,0,0,0,0,0,0,0,0,0,0,0,0,0,0,0,0,0,0,0,0,0,0,0,0,0,0,0,0,0,0,0,0,0,0,0,0,0,0,0,0,0,0,0,0,0,0,0,0,0,0,0,0,0,0,0,0,0,0,0,0,0,0,0,0,0,0,0,0,0,0,0,0,0,0,0,0,0,0,0,0,0,0,0,0,0,0,0,0,0,0,0,0,0,0,0,0,0,0,0,0,0,0,0,0,0,0,0,0,0,0,0,0,0,0,0,0,252,0,0,0,252,0,0,0,0,0,0,252,0,0,0,252,0,0,0,0,0,0,252,0,0,0,252,0,0,0,0,0,0,252,0,0,0,252,0,0,0,0,0,0,252,0,0,0,252,0,0,0,0,0,0,252,0,0,0,252,0,0,0,0,0,0,252,0,0,0,252,0,0,0,0,0,0,252,0,0,0,252,0,0,0,0,0,0,252,0,0,0,252,0,0,0,0,0,0,252,0,0,0,252,0,0,0,0,0,0,252,252,252,252,252,0,0,0,0,0,0,0,0,0,0,0,0,0,0],"events":[null,{"id":1,"name":"EV001","note":"","pages":[{"conditions":{"actorId":1,"actorValid":false,"itemId":1,"itemValid":false,"selfSwitchCh":"A","selfSwitchValid":false,"switch1Id":1,"switch1Valid":false,"switch2Id":1,"switch2Valid":false,"variableId":1,"variableValid":false,"variableValue":0},"directionFix":false,"image":{"characterIndex":0,"characterName":"","direction":2,"pattern":0,"tileId":0},"list":[{"code":201,"indent":0,"parameters":[0,32,39,24,8,0]},{"code":0,"indent":0,"parameters":[]}],"moveFrequency":3,"moveRoute":{"list":[{"code":0,"parameters":[]}],"repeat":true,"skippable":false,"wait":false},"moveSpeed":3,"moveType":0,"priorityType":0,"stepAnime":false,"through":false,"trigger":1,"walkAnime":true}],"x":5,"y":0},{"id":2,"name":"EV002","note":"<PLM:!B3se2M>","pages":[{"conditions":{"actorId":1,"actorValid":false,"itemId":1,"itemValid":false,"selfSwitchCh":"A","selfSwitchValid":false,"switch1Id":1,"switch1Valid":false,"switch2Id":1,"switch2Valid":false,"variableId":1,"variableValid":false,"variableValue":0},"directionFix":false,"image":{"characterIndex":0,"characterName":"","direction":2,"pattern":0,"tileId":0},"list":[{"code":205,"indent":0,"parameters":[0,{"list":[{"code":43,"parameters":[2],"indent":null},{"code":0}],"repeat":false,"skippable":false,"wait":true}]},{"code":505,"indent":0,"parameters":[{"code":43,"parameters":[2],"indent":null}]},{"code":0,"indent":0,"parameters":[]}],"moveFrequency":3,"moveRoute":{"list":[{"code":0,"parameters":[]}],"repeat":true,"skippable":false,"wait":false},"moveSpeed":3,"moveType":0,"priorityType":2,"stepAnime":false,"through":false,"trigger":4,"walkAnime":true}],"x":0,"y":0},{"id":3,"name":"EV003","note":"","pages":[{"conditions":{"actorId":1,"actorValid":false,"itemId":1,"itemValid":false,"selfSwitchCh":"A","selfSwitchValid":false,"switch1Id":1,"switch1Valid":false,"switch2Id":1,"switch2Valid":false,"variableId":1,"variableValid":false,"variableValue":0},"directionFix":false,"image":{"tileId":0,"characterName":"!$LM2","direction":4,"pattern":1,"characterIndex":0},"list":[{"code":205,"indent":0,"parameters":[0,{"list":[{"code":43,"parameters":[1],"indent":null},{"code":0}],"repeat":false,"skippable":false,"wait":true}]},{"code":505,"indent":0,"parameters":[{"code":43,"parameters":[1],"indent":null}]},{"code":0,"indent":0,"parameters":[]}],"moveFrequency":3,"moveRoute":{"list":[{"code":0,"parameters":[]}],"repeat":true,"skippable":false,"wait":false},"moveSpeed":4,"moveType":0,"priorityType":1,"stepAnime":true,"through":true,"trigger":4,"walkAnime":true}],"x":4,"y":5},{"id":4,"name":"EV004","note":"","pages":[{"conditions":{"actorId":1,"actorValid":false,"itemId":1,"itemValid":false,"selfSwitchCh":"A","selfSwitchValid":false,"switch1Id":1,"switch1Valid":false,"switch2Id":1,"switch2Valid":false,"variableId":1,"variableValid":false,"variableValue":0},"directionFix":false,"image":{"tileId":0,"characterName":"!$LM2","direction":4,"pattern":1,"characterIndex":0},"list":[{"code":205,"indent":0,"parameters":[0,{"list":[{"code":43,"parameters":[1],"indent":null},{"code":0}],"repeat":false,"skippable":false,"wait":true}]},{"code":505,"indent":0,"parameters":[{"code":43,"parameters":[1],"indent":null}]},{"code":0,"indent":0,"parameters":[]}],"moveFrequency":3,"moveRoute":{"list":[{"code":0,"parameters":[]}],"repeat":true,"skippable":false,"wait":false},"moveSpeed":4,"moveType":0,"priorityType":1,"stepAnime":true,"through":true,"trigger":4,"walkAnime":true}],"x":6,"y":5},{"id":5,"name":"EV005","note":"","pages":[{"conditions":{"actorId":1,"actorValid":false,"itemId":1,"itemValid":false,"selfSwitchCh":"A","selfSwitchValid":false,"switch1Id":1,"switch1Valid":false,"switch2Id":1,"switch2Valid":false,"variableId":1,"variableValid":false,"variableValue":0},"directionFix":false,"image":{"characterIndex":0,"characterName":"","direction":2,"pattern":0,"tileId":0},"list":[{"code":121,"indent":0,"parameters":[429,429,0]},{"code":250,"indent":0,"parameters":[{"name":"button83","volume":90,"pitch":80,"pan":0}]},{"code":101,"indent":0,"parameters":["",0,0,2]},{"code":401,"indent":0,"parameters":["-垃圾处理场-"]},{"code":401,"indent":0,"parameters":["地上垃圾的临时存放区。"]},{"code":401,"indent":0,"parameters":["打开和关闭需要设施工作人员的指纹认证。"]},{"code":121,"indent":0,"parameters":[429,429,1]},{"code":0,"indent":0,"parameters":[]}],"moveFrequency":3,"moveRoute":{"list":[{"code":0,"parameters":[]}],"repeat":true,"skippable":false,"wait":false},"moveSpeed":3,"moveType":0,"priorityType":1,"stepAnime":false,"through":false,"trigger":0,"walkAnime":true},{"conditions":{"actorId":3,"actorValid":true,"itemId":1,"itemValid":false,"selfSwitchCh":"A","selfSwitchValid":false,"switch1Id":1,"switch1Valid":false,"switch2Id":1,"switch2Valid":false,"variableId":1,"variableValid":false,"variableValue":0},"directionFix":false,"image":{"characterIndex":0,"characterName":"","direction":2,"pattern":0,"tileId":0},"list":[{"code":250,"indent":0,"parameters":[{"name":"button83","volume":90,"pitch":80,"pan":0}]},{"code":101,"indent":0,"parameters":["",0,0,2]},{"code":401,"indent":0,"parameters":["-垃圾处理场-"]},{"code":401,"indent":0,"parameters":["地上垃圾的临时存放区。"]},{"code":401,"indent":0,"parameters":["打开和关闭需要设施工作人员的指纹认证。"]},{"code":101,"indent":0,"parameters":["",0,0,2]},{"code":401,"indent":0,"parameters":["诺埃尔"]},{"code":401,"indent":0,"parameters":["等一下。"]},{"code":205,"indent":0,"parameters":[-1,{"list":[{"code":4,"indent":null},{"code":16,"indent":null},{"code":0}],"repeat":false,"skippable":false,"wait":true}]},{"code":505,"indent":0,"parameters":[{"code":4,"indent":null}]},{"code":505,"indent":0,"parameters":[{"code":16,"indent":null}]},{"code":355,"indent":0,"parameters":["◆スクリプト"]},{"code":655,"indent":0,"parameters":["$gamePlayer._followers.forEach(function(follower){follower.setDirection($gamePlayer.direction())},this);"]},{"code":230,"indent":0,"parameters":[60]},{"code":250,"indent":0,"parameters":[{"name":"one11","volume":90,"pitch":100,"pan":0}]},{"code":101,"indent":0,"parameters":["",0,0,2]},{"code":401,"indent":0,"parameters":["生物认证完成。"]},{"code":101,"indent":0,"parameters":["",0,0,2]},{"code":401,"indent":0,"parameters":["诺埃尔"]},{"code":401,"indent":0,"parameters":["好的。"]},{"code":401,"indent":0,"parameters":["目前，我也注册为会员。"]},{"code":230,"indent":0,"parameters":[60]},{"code":221,"indent":0,"parameters":[]},{"code":250,"indent":0,"parameters":[{"name":"openbox","volume":90,"pitch":100,"pan":0}]},{"code":242,"indent":0,"parameters":[2]},{"code":117,"indent":0,"parameters":[29]},{"code":242,"indent":0,"parameters":[2]},{"code":230,"indent":0,"parameters":[120]},{"code":222,"indent":0,"parameters":[]},{"code":241,"indent":0,"parameters":[{"name":"P04","volume":90,"pitch":100,"pan":0}]},{"code":111,"indent":0,"parameters":[4,3,0]},{"code":101,"indent":1,"parameters":["",0,0,2]},{"code":401,"indent":1,"parameters":["诺埃尔"]},{"code":401,"indent":1,"parameters":["…………"]},{"code":101,"indent":1,"parameters":["",0,0,2]},{"code":401,"indent":1,"parameters":["西尔"]},{"code":401,"indent":1,"parameters":["...你的真名？"]},{"code":101,"indent":1,"parameters":["",0,0,2]},{"code":401,"indent":1,"parameters":["诺埃尔"]},{"code":401,"indent":1,"parameters":["是的。诺埃尔不是我的真名。"]},{"code":401,"indent":1,"parameters":["这是我来到这片土地后的绰号。"]},{"code":101,"indent":1,"parameters":["",0,0,2]},{"code":401,"indent":1,"parameters":["诺埃尔"]},{"code":401,"indent":1,"parameters":["……这个名字好久了，忘记了。"]},{"code":101,"indent":1,"parameters":["",0,0,2]},{"code":401,"indent":1,"parameters":["西尔"]},{"code":401,"indent":1,"parameters":["这个名字是什么意思？"]},{"code":101,"indent":1,"parameters":["",0,0,2]},{"code":401,"indent":1,"parameters":["诺埃尔"]},{"code":401,"indent":1,"parameters":["诺索是我曾经生活过的国家。"]},{"code":401,"indent":1,"parameters":["似乎有着天空本色之意。我问过我的父母。"]},{"code":101,"indent":1,"parameters":["",0,0,2]},{"code":401,"indent":1,"parameters":["诺埃尔"]},{"code":401,"indent":1,"parameters":["嗯……好讽刺，好久没看到蓝天了。"]},{"code":101,"indent":1,"parameters":["",0,0,2]},{"code":401,"indent":1,"parameters":["诺埃尔"]},{"code":401,"indent":1,"parameters":["…………"]},{"code":101,"indent":1,"parameters":["",0,0,2]},{"code":401,"indent":1,"parameters":["诺埃尔"]},{"code":401,"indent":1,"parameters":["但我不后悔来到这个设施。"]},{"code":401,"indent":1,"parameters":["我不知道你怎么想..."]},{"code":101,"indent":1,"parameters":["",0,0,2]},{"code":401,"indent":1,"parameters":["诺埃尔"]},{"code":401,"indent":1,"parameters":["我不同意研究人员的观点，但如果我没有来这里，我就已经死了。"]},{"code":101,"indent":1,"parameters":["",0,0,2]},{"code":401,"indent":1,"parameters":["诺埃尔"]},{"code":401,"indent":1,"parameters":["即使我不来这个设施，其他人也会捐出他们的基因。"]},{"code":401,"indent":1,"parameters":["对我来说，这样做比对其他人来说更有意义。"]},{"code":101,"indent":1,"parameters":["",0,0,2]},{"code":401,"indent":1,"parameters":["诺埃尔"]},{"code":401,"indent":1,"parameters":["最重要的是，我很高兴，因为我终于见到了你。"]},{"code":101,"indent":1,"parameters":["",0,0,2]},{"code":401,"indent":1,"parameters":["西尔"]},{"code":401,"indent":1,"parameters":["……为了我？为什么？"]},{"code":101,"indent":1,"parameters":["",0,0,2]},{"code":401,"indent":1,"parameters":["诺埃尔"]},{"code":401,"indent":1,"parameters":["作为一个母亲，我只是有这种感觉。"]},{"code":401,"indent":1,"parameters":["这可能有点困难。"]},{"code":101,"indent":1,"parameters":["",0,0,2]},{"code":401,"indent":1,"parameters":["诺埃尔"]},{"code":401,"indent":1,"parameters":["我很好……我希望有一天我能告诉你。"]},{"code":401,"indent":1,"parameters":["给一夏同学。"]},{"code":0,"indent":1,"parameters":[]},{"code":412,"indent":0,"parameters":[]},{"code":111,"indent":0,"parameters":[0,426,1]},{"code":356,"indent":1,"parameters":["QuickNotification enable"]},{"code":356,"indent":1,"parameters":["QuickNotification register"]},{"code":101,"indent":1,"parameters":["",0,0,2]},{"code":401,"indent":1,"parameters":["成就解锁“光之彼岸”"]},{"code":121,"indent":1,"parameters":[426,426,0]},{"code":356,"indent":1,"parameters":["CommonSave save"]},{"code":0,"indent":1,"parameters":[]},{"code":412,"indent":0,"parameters":[]},{"code":123,"indent":0,"parameters":["A",0]},{"code":0,"indent":0,"parameters":[]}],"moveFrequency":3,"moveRoute":{"list":[{"code":0,"parameters":[]}],"repeat":true,"skippable":false,"wait":false},"moveSpeed":3,"moveType":0,"priorityType":1,"stepAnime":false,"through":false,"trigger":0,"walkAnime":true},{"conditions":{"actorId":1,"actorValid":false,"itemId":1,"itemValid":false,"selfSwitchCh":"A","selfSwitchValid":true,"switch1Id":1,"switch1Valid":false,"switch2Id":1,"switch2Valid":false,"variableId":1,"variableValid":false,"variableValue":0},"directionFix":false,"image":{"characterIndex":0,"characterName":"","direction":2,"pattern":0,"tileId":0},"list":[{"code":0,"indent":0,"parameters":[]}],"moveFrequency":3,"moveRoute":{"list":[{"code":0,"parameters":[]}],"repeat":true,"skippable":false,"wait":false},"moveSpeed":3,"moveType":0,"priorityType":1,"stepAnime":false,"through":false,"trigger":0,"walkAnime":true}],"x":5,"y":7},{"id":6,"name":"EV006","note":"","pages":[{"conditions":{"actorId":1,"actorValid":false,"itemId":1,"itemValid":false,"selfSwitchCh":"A","selfSwitchValid":false,"switch1Id":1,"switch1Valid":false,"switch2Id":1,"switch2Valid":false,"variableId":1,"variableValid":false,"variableValue":0},"directionFix":false,"image":{"characterIndex":0,"characterName":"","direction":2,"pattern":0,"tileId":0},"list":[{"code":201,"indent":0,"parameters":[0,32,40,24,8,0]},{"code":0,"indent":0,"parameters":[]}],"moveFrequency":3,"moveRoute":{"list":[{"code":0,"parameters":[]}],"repeat":true,"skippable":false,"wait":false},"moveSpeed":3,"moveType":0,"priorityType":0,"stepAnime":false,"through":false,"trigger":1,"walkAnime":true}],"x":6,"y":0},{"id":7,"name":"EV007","note":"","pages":[{"conditions":{"actorId":1,"actorValid":false,"itemId":1,"itemValid":false,"selfSwitchCh":"A","selfSwitchValid":false,"switch1Id":1,"switch1Valid":false,"switch2Id":1,"switch2Valid":false,"variableId":1,"variableValid":false,"variableValue":0},"directionFix":false,"image":{"characterIndex":0,"characterName":"","direction":2,"pattern":0,"tileId":0},"list":[{"code":201,"indent":0,"parameters":[0,32,38,24,8,0]},{"code":0,"indent":0,"parameters":[]}],"moveFrequency":3,"moveRoute":{"list":[{"code":0,"parameters":[]}],"repeat":true,"skippable":false,"wait":false},"moveSpeed":3,"moveType":0,"priorityType":0,"stepAnime":false,"through":false,"trigger":1,"walkAnime":true}],"x":4,"y":0}]}