﻿{"autoplayBgm":false,"autoplayBgs":false,"battleback1Name":"","battleback2Name":"","bgm":{"name":"","pan":0,"pitch":100,"volume":90},"bgs":{"name":"","pan":0,"pitch":100,"volume":90},"disableDashing":false,"displayName":"","encounterList":[],"encounterStep":30,"height":3,"note":"","parallaxLoopX":false,"parallaxLoopY":false,"parallaxName":"","parallaxShow":true,"parallaxSx":0,"parallaxSy":0,"scrollType":0,"specifyBattleback":false,"tilesetId":1,"width":3,"data":[5888,5888,5888,5888,5888,5888,5888,5888,5888,0,0,0,0,0,0,0,0,0,0,0,0,0,0,0,0,0,0,0,0,0,0,0,0,0,0,0,0,0,0,0,0,0,0,0,0,0,0,0,0,0,0,0,0,0],"events":[null,{"id":1,"name":"EV001","note":"","pages":[{"conditions":{"actorId":1,"actorValid":false,"itemId":1,"itemValid":false,"selfSwitchCh":"A","selfSwitchValid":false,"switch1Id":1,"switch1Valid":false,"switch2Id":1,"switch2Valid":false,"variableId":1,"variableValid":false,"variableValue":0},"directionFix":false,"image":{"characterIndex":0,"characterName":"","direction":2,"pattern":0,"tileId":0},"list":[{"code":356,"indent":0,"parameters":["createFilter 新过滤器 rgbsplit2 0"]},{"code":356,"indent":0,"parameters":["setFilter 新过滤器 0 1 0 0 0 0"]},{"code":0,"indent":0,"parameters":[]}],"moveFrequency":3,"moveRoute":{"list":[{"code":0,"parameters":[]}],"repeat":true,"skippable":false,"wait":false},"moveSpeed":3,"moveType":0,"priorityType":0,"stepAnime":false,"through":false,"trigger":4,"walkAnime":true}],"x":1,"y":0},{"id":2,"name":"EV002","note":"","pages":[{"conditions":{"actorId":1,"actorValid":false,"itemId":1,"itemValid":false,"selfSwitchCh":"A","selfSwitchValid":false,"switch1Id":1,"switch1Valid":false,"switch2Id":1,"switch2Valid":false,"variableId":1,"variableValid":false,"variableValue":0},"directionFix":false,"image":{"characterIndex":0,"characterName":"","direction":2,"pattern":0,"tileId":0},"list":[{"code":108,"indent":0,"parameters":["デプロイメント時にやること"]},{"code":408,"indent":0,"parameters":["・タイトル画面とロゴの変更"]},{"code":408,"indent":0,"parameters":["・R18スイッチ2個のオンオフ"]},{"code":408,"indent":0,"parameters":["・マップショットプラグインのオフ"]},{"code":408,"indent":0,"parameters":["・ギャラリープラグインの最大数変更"]},{"code":121,"indent":0,"parameters":[1,1,0]},{"code":356,"indent":0,"parameters":["PictureGallery CommonSave"]},{"code":230,"indent":0,"parameters":[60]},{"code":221,"indent":0,"parameters":[]},{"code":356,"indent":0,"parameters":["skit start"]},{"code":356,"indent":0,"parameters":["skit pose pic t r00"]},{"code":356,"indent":0,"parameters":["skit show pic t center"]},{"code":222,"indent":0,"parameters":[]},{"code":230,"indent":0,"parameters":[90]},{"code":221,"indent":0,"parameters":[]},{"code":111,"indent":0,"parameters":[0,1,0]},{"code":356,"indent":1,"parameters":["skit pose pic t r18"]},{"code":0,"indent":1,"parameters":[]},{"code":411,"indent":0,"parameters":[]},{"code":356,"indent":1,"parameters":["skit pose pic t r15"]},{"code":0,"indent":1,"parameters":[]},{"code":412,"indent":0,"parameters":[]},{"code":222,"indent":0,"parameters":[]},{"code":101,"indent":0,"parameters":["",0,2,2]},{"code":401,"indent":0,"parameters":[""]},{"code":221,"indent":0,"parameters":[]},{"code":356,"indent":0,"parameters":["skit end"]},{"code":117,"indent":0,"parameters":[1]},{"code":121,"indent":0,"parameters":[2,2,0]},{"code":355,"indent":0,"parameters":["$gameMap.disableNameDisplay()"]},{"code":230,"indent":0,"parameters":[180]},{"code":211,"indent":0,"parameters":[1]},{"code":201,"indent":0,"parameters":[0,1,7,8,8,0]},{"code":0,"indent":0,"parameters":[]}],"moveFrequency":3,"moveRoute":{"list":[{"code":0,"parameters":[]}],"repeat":true,"skippable":false,"wait":false},"moveSpeed":3,"moveType":0,"priorityType":0,"stepAnime":false,"through":false,"trigger":3,"walkAnime":true},{"conditions":{"actorId":1,"actorValid":false,"itemId":1,"itemValid":false,"selfSwitchCh":"A","selfSwitchValid":false,"switch1Id":2,"switch1Valid":true,"switch2Id":1,"switch2Valid":false,"variableId":1,"variableValid":false,"variableValue":0},"directionFix":false,"image":{"characterIndex":0,"characterName":"","direction":2,"pattern":0,"tileId":0},"list":[{"code":0,"indent":0,"parameters":[]}],"moveFrequency":3,"moveRoute":{"list":[{"code":0,"parameters":[]}],"repeat":true,"skippable":false,"wait":false},"moveSpeed":3,"moveType":0,"priorityType":0,"stepAnime":false,"through":false,"trigger":0,"walkAnime":true}],"x":0,"y":0}]}