﻿[null,{"id":1,"expanded":true,"name":"B1maintenance","order":5,"parentId":0,"scrollX":819,"scrollY":481},{"id":2,"expanded":false,"name":"B1corridor","order":6,"parentId":1,"scrollX":819,"scrollY":481},{"id":3,"expanded":false,"name":"B1living","order":7,"parentId":1,"scrollX":819,"scrollY":481},{"id":4,"expanded":false,"name":"B1bathroom","order":8,"parentId":1,"scrollX":817,"scrollY":468},{"id":5,"expanded":false,"name":"B1corridor2","order":9,"parentId":1,"scrollX":819,"scrollY":460},{"id":6,"expanded":true,"name":"B1roomC","order":10,"parentId":1,"scrollX":817,"scrollY":468},{"id":7,"expanded":true,"name":"B1roomV","order":11,"parentId":1,"scrollX":817,"scrollY":468},{"id":8,"expanded":true,"name":"B1roomM","order":12,"parentId":1,"scrollX":819,"scrollY":481},{"id":9,"expanded":false,"name":"B1roomLower","order":13,"parentId":1,"scrollX":817,"scrollY":468},{"id":10,"expanded":false,"name":"B1roomUpper","order":14,"parentId":1,"scrollX":817,"scrollY":468},{"id":11,"expanded":false,"name":"B1elevetor","order":15,"parentId":1,"scrollX":817,"scrollY":468},{"id":12,"expanded":true,"name":"B2corridor","order":18,"parentId":0,"scrollX":819,"scrollY":481},{"id":13,"expanded":false,"name":"B2library","order":20,"parentId":12,"scrollX":817,"scrollY":468},{"id":14,"expanded":false,"name":"B2elevetor","order":19,"parentId":12,"scrollX":819,"scrollY":481},{"id":15,"expanded":false,"name":"B2laboratory","order":21,"parentId":12,"scrollX":819,"scrollY":481},{"id":16,"expanded":false,"name":"B2server","order":22,"parentId":12,"scrollX":819,"scrollY":481},{"id":17,"expanded":false,"name":"B2corridor2","order":23,"parentId":12,"scrollX":819,"scrollY":481},{"id":18,"expanded":false,"name":"B2elevetor2","order":24,"parentId":12,"scrollX":819,"scrollY":481},{"id":19,"expanded":true,"name":"B3elevetor","order":25,"parentId":0,"scrollX":819,"scrollY":481},{"id":20,"expanded":false,"name":"Gallery","order":2,"parentId":30,"scrollX":817,"scrollY":468},{"id":21,"expanded":false,"name":"B3corridor","order":26,"parentId":19,"scrollX":817,"scrollY":468},{"id":22,"expanded":true,"name":"B3labyrinth","order":27,"parentId":19,"scrollX":811,"scrollY":1783},{"id":23,"expanded":false,"name":"B3secret","order":33,"parentId":19,"scrollX":817,"scrollY":468},{"id":24,"expanded":false,"name":"B4secret","order":38,"parentId":31,"scrollX":819,"scrollY":481},{"id":25,"expanded":false,"name":"B3cage","order":28,"parentId":19,"scrollX":820,"scrollY":612},{"id":26,"expanded":false,"name":"B3bedroom","order":29,"parentId":19,"scrollX":817,"scrollY":468},{"id":27,"expanded":false,"name":"B3storage","order":30,"parentId":19,"scrollX":817,"scrollY":468},{"id":28,"expanded":false,"name":"B3corridor2","order":31,"parentId":19,"scrollX":817,"scrollY":468},{"id":29,"expanded":false,"name":"B3elevetor2","order":32,"parentId":19,"scrollX":817,"scrollY":468},{"id":30,"expanded":true,"name":"-","order":1,"parentId":0,"scrollX":817,"scrollY":468},{"id":31,"expanded":true,"name":"B4elevetor","order":34,"parentId":0,"scrollX":817,"scrollY":468},{"id":32,"expanded":false,"name":"B4warproad","order":36,"parentId":31,"scrollX":1493,"scrollY":624},{"id":33,"expanded":false,"name":"B4corridor","order":35,"parentId":31,"scrollX":819,"scrollY":481},{"id":34,"expanded":false,"name":"B4door","order":37,"parentId":31,"scrollX":819,"scrollY":481},{"id":35,"expanded":true,"name":"B4door2","order":40,"parentId":31,"scrollX":811,"scrollY":767},{"id":36,"expanded":true,"name":"Trophy","order":3,"parentId":30,"scrollX":817,"scrollY":468},{"id":37,"expanded":false,"name":"B4noelroom","order":43,"parentId":31,"scrollX":819,"scrollY":481},{"id":38,"expanded":false,"name":"B4corridor2","order":44,"parentId":31,"scrollX":819,"scrollY":481},{"id":39,"expanded":true,"name":"B4elevetor2","order":39,"parentId":31,"scrollX":819,"scrollY":481},{"id":40,"expanded":false,"name":"B1secret","order":17,"parentId":1,"scrollX":819,"scrollY":481},{"id":41,"expanded":true,"name":"B1elevetor2","order":16,"parentId":1,"scrollX":819,"scrollY":481},{"id":42,"expanded":false,"name":"G1escape","order":46,"parentId":43,"scrollX":811,"scrollY":640},{"id":43,"expanded":true,"name":"G1elevetor","order":45,"parentId":0,"scrollX":819,"scrollY":481},{"id":44,"expanded":false,"name":"G1escape2","order":47,"parentId":43,"scrollX":811,"scrollY":481},{"id":45,"expanded":false,"name":"G1escape3","order":48,"parentId":43,"scrollX":811,"scrollY":719},null,{"id":47,"expanded":false,"name":"B4door3","order":41,"parentId":31,"scrollX":816,"scrollY":640},{"id":48,"expanded":false,"name":"B4door4","order":42,"parentId":31,"scrollX":811,"scrollY":800},{"id":49,"expanded":false,"name":"SecretMap","order":4,"parentId":30,"scrollX":817,"scrollY":468}]