﻿{"blizard_w":{"alpha":{"list":[{"time":0,"value":1},{"time":0.8,"value":1},{"time":1,"value":0}]},"scale":{"list":[{"time":0,"value":0},{"time":1,"value":0.4}],"minimumScaleMultiplier":0.3},"speed":{"list":[{"time":0,"value":2000},{"time":1,"value":2000}],"minimumSpeedMultiplier":0.5},"color":{"list":[{"time":0,"value":"#ffffff"},{"time":1,"value":"#ffffff"}]},"colorMode":0,"acceleration":{"x":0,"y":0},"maxSpeed":null,"startRotation":{"min":15,"max":30},"noRotation":false,"rotationSpeed":{"min":0,"max":0},"angle":0,"mirrorType":0,"lifetime":{"min":0.13,"max":0.13},"blendMode":"ADD","frequency":0.001,"spawnChance":1,"particlesPerWave":5,"emitterLifetime":-1,"maxParticles":10000,"fluctuation":{"max":0,"sensitivity":0},"spawnType":"rect","pos":{"x":0,"y":0},"spawnRect":{"x":-408,"y":-412,"w":600,"h":624},"spawnCircle":null,"particleSpacing":0,"angleStart":0,"addAtBack":false,"image":"snow_particle2,snow_particle1","targetType":6,"comment":"201123"},"blizard_1":{"alpha":{"list":[{"time":0,"value":1},{"time":0.8,"value":1},{"time":1,"value":0}]},"scale":{"list":[{"time":0,"value":0},{"time":1,"value":0.4}],"minimumScaleMultiplier":0.3},"speed":{"list":[{"time":0,"value":2000},{"time":1,"value":2000}],"minimumSpeedMultiplier":0.5},"color":{"list":[{"time":0,"value":"#ffffff"},{"time":1,"value":"#ffffff"}]},"colorMode":0,"acceleration":{"x":0,"y":0},"maxSpeed":null,"startRotation":{"min":15,"max":30},"noRotation":false,"rotationSpeed":{"min":0,"max":0},"angle":0,"mirrorType":0,"lifetime":{"min":0.13,"max":0.13},"blendMode":"ADD","frequency":0.001,"spawnChance":1,"particlesPerWave":5,"emitterLifetime":-1,"maxParticles":10000,"fluctuation":{"max":0,"sensitivity":0},"spawnType":"rect","pos":{"x":0,"y":0},"spawnRect":{"x":-408,"y":-412,"w":600,"h":624},"spawnCircle":null,"particleSpacing":0,"angleStart":0,"addAtBack":false,"image":"snow_particle2,snow_particle1","targetType":6,"comment":"201123"},"shop_1":{"alpha":{"list":[{"time":0,"value":0},{"time":0.5,"value":0.3},{"time":1,"value":0}]},"scale":{"list":[{"time":0,"value":20},{"time":1,"value":15}],"minimumScaleMultiplier":0.1},"speed":{"list":[{"time":0,"value":5},{"time":1,"value":2}],"minimumSpeedMultiplier":10},"color":{"list":[{"time":0,"value":"#ff1b1b"},{"time":0.5,"value":"#ff4d00"},{"time":1,"value":"#ff226c"}]},"colorMode":1,"acceleration":{"x":0,"y":-10},"maxSpeed":null,"startRotation":{"min":0,"max":-90},"noRotation":false,"rotationSpeed":{"min":-120,"max":120},"angle":0,"mirrorType":0,"lifetime":{"min":4,"max":5},"blendMode":"ADD","frequency":1.2,"spawnChance":1,"particlesPerWave":1,"emitterLifetime":-1,"maxParticles":10000,"fluctuation":{"max":0.3,"sensitivity":0.3},"spawnType":"rect","pos":{"x":0,"y":0},"spawnRect":{"x":-430,"y":100,"w":400,"h":160},"spawnCircle":null,"particleSpacing":0,"angleStart":0,"addAtBack":false,"image":"particle2","targetType":0,"comment":"201123"},"tear":{"alpha":{"list":[{"time":0,"value":0},{"time":0.1,"value":1},{"time":0.7,"value":1},{"time":1,"value":0}]},"scale":{"list":[{"time":0,"value":0},{"time":0.3,"value":0.2},{"time":1,"value":0}],"minimumScaleMultiplier":0.2},"speed":{"list":[{"time":0,"value":350},{"time":1,"value":0}],"minimumSpeedMultiplier":0.5},"color":{"list":[{"time":0,"value":"#ff4242"},{"time":1,"value":"#ff2222"}]},"colorMode":0,"acceleration":{"x":0,"y":100},"maxSpeed":null,"startRotation":{"min":-30,"max":-150},"noRotation":false,"rotationSpeed":{"min":0,"max":0},"angle":0,"mirrorType":0,"lifetime":{"min":0.4,"max":0.5},"blendMode":"NORMAL","frequency":0.1,"spawnChance":1,"particlesPerWave":2,"emitterLifetime":-1,"maxParticles":60,"fluctuation":{"max":0,"sensitivity":0},"spawnType":"point","pos":{"x":0,"y":-40},"spawnRect":null,"spawnCircle":null,"particleSpacing":0,"angleStart":0,"addAtBack":false,"image":"snow_particle1","targetType":0,"comment":"201203"},"click_1":{"alpha":{"list":[{"time":0,"value":1},{"time":0.85,"value":0.5},{"time":1,"value":0}]},"scale":{"list":[{"time":0,"value":1.5},{"time":0.5,"value":1},{"time":1,"value":0}],"minimumScaleMultiplier":0.5},"speed":{"list":[{"time":0,"value":200},{"time":1,"value":200}],"minimumSpeedMultiplier":0.5},"color":{"list":[{"time":0,"value":"#ff1548"},{"time":0.25,"value":"#ff5c25"},{"time":1,"value":"#ff0000"}]},"colorMode":1,"acceleration":{"x":0,"y":300},"maxSpeed":null,"startRotation":{"min":0,"max":360},"noRotation":false,"rotationSpeed":{"min":0,"max":0},"angle":0,"mirrorType":0,"lifetime":{"min":0.4,"max":0.6},"blendMode":"ADD","frequency":0.001,"spawnChance":1,"particlesPerWave":1,"emitterLifetime":0.01,"maxParticles":1000,"fluctuation":{"max":0,"sensitivity":0},"spawnType":"point","pos":{"x":0,"y":0},"spawnRect":null,"spawnCircle":null,"particleSpacing":0,"angleStart":0,"addAtBack":false,"image":"particle1","targetType":12,"comment":"201126"},"outdoor":{"alpha":{"list":[{"time":0,"value":0},{"time":0.1,"value":1},{"time":1,"value":0}]},"scale":{"list":[{"time":0,"value":0.1},{"time":1,"value":0}],"minimumScaleMultiplier":0.5},"speed":{"list":[{"time":0,"value":100},{"time":1,"value":100}],"minimumSpeedMultiplier":1},"color":{"list":[{"time":0,"value":"#ffffff"},{"time":1,"value":"#ffffff"}]},"colorMode":0,"acceleration":{"x":0,"y":0},"maxSpeed":null,"startRotation":{"min":90,"max":90},"noRotation":false,"rotationSpeed":{"min":-100,"max":100},"angle":0,"mirrorType":0,"lifetime":{"min":5,"max":8},"blendMode":"NORMAL","frequency":0.05,"spawnChance":1,"particlesPerWave":0,"emitterLifetime":-1,"maxParticles":10000,"fluctuation":{"max":1,"sensitivity":0.01},"spawnType":"rect","pos":{"x":0,"y":0},"spawnRect":{"x":-220,"y":-200,"w":400,"h":-10},"spawnCircle":null,"particleSpacing":0,"angleStart":0,"addAtBack":false,"image":"snow_particle1","targetType":6,"comment":"210106"},"cur":{"alpha":{"list":[{"time":0,"value":1},{"time":0.85,"value":0.5},{"time":1,"value":0}]},"scale":{"list":[{"time":0,"value":1.5},{"time":0.5,"value":1},{"time":1,"value":0}],"minimumScaleMultiplier":0.5},"speed":{"list":[{"time":0,"value":200},{"time":1,"value":200}],"minimumSpeedMultiplier":0.5},"color":{"list":[{"time":0.5,"value":"#ff153c"},{"time":0.75,"value":"#ff8e1e"},{"time":1,"value":"#ff0000"}]},"colorMode":1,"acceleration":{"x":0,"y":300},"maxSpeed":null,"startRotation":{"min":0,"max":360},"noRotation":false,"rotationSpeed":{"min":0,"max":0},"angle":0,"mirrorType":0,"lifetime":{"min":0.4,"max":0.6},"blendMode":"ADD","frequency":0.001,"spawnChance":1,"particlesPerWave":1,"emitterLifetime":0.01,"maxParticles":1000,"fluctuation":{"max":0,"sensitivity":0},"spawnType":"point","pos":{"x":0,"y":0},"spawnRect":null,"spawnCircle":null,"particleSpacing":0,"angleStart":0,"addAtBack":false,"image":"particle1","targetType":0,"comment":"210106"},"snow2":{"alpha":{"list":[{"time":0,"value":0},{"time":0.2,"value":1},{"time":1,"value":0}]},"scale":{"list":[{"time":0,"value":0.1},{"time":1,"value":0.1}],"minimumScaleMultiplier":0.3},"speed":{"list":[{"time":0,"value":100},{"time":1,"value":100}],"minimumSpeedMultiplier":1},"color":{"list":[{"time":0,"value":"#ffffff"},{"time":1,"value":"#ffffff"}]},"colorMode":0,"acceleration":{"x":0,"y":0},"maxSpeed":null,"startRotation":{"min":90,"max":90},"noRotation":false,"rotationSpeed":{"min":-100,"max":100},"angle":0,"mirrorType":0,"lifetime":{"min":0.3,"max":0.3},"blendMode":"ADD","frequency":0.02,"spawnChance":1,"particlesPerWave":0,"emitterLifetime":-1,"maxParticles":10000,"fluctuation":{"max":1,"sensitivity":0.01},"spawnType":"rect","pos":{"x":0,"y":0},"spawnRect":{"x":-355,"y":-190,"w":340,"h":80},"spawnCircle":null,"particleSpacing":0,"angleStart":0,"addAtBack":false,"image":"snow_particle1","targetType":0,"comment":"210906"},"click":{"alpha":{"list":[{"time":0,"value":1},{"time":0.85,"value":0.5},{"time":1,"value":0}]},"scale":{"list":[{"time":0,"value":0.5},{"time":0.3,"value":0.7},{"time":1,"value":0}],"minimumScaleMultiplier":0.5},"speed":{"list":[{"time":0,"value":200},{"time":1,"value":200}],"minimumSpeedMultiplier":0.5},"color":{"list":[{"time":0,"value":"#00fbff"},{"time":1,"value":"#ff0055"}]},"colorMode":1,"acceleration":{"x":0,"y":300},"maxSpeed":null,"startRotation":{"min":0,"max":360},"noRotation":false,"rotationSpeed":{"min":0,"max":0},"angle":0,"mirrorType":0,"orderedArt":0,"lifetime":{"min":0.3,"max":0.4},"blendMode":"ADD","frequency":0.001,"spawnChance":1,"particlesPerWave":1,"emitterLifetime":0.01,"maxParticles":1000,"fluctuation":{"max":0,"sensitivity":0},"spawnType":"point","pos":{"x":0,"y":0},"spawnRect":null,"spawnCircle":null,"particleSpacing":0,"angleStart":0,"bdt":0,"brt":0,"br":0,"bdr":0,"bdx":0,"bdy":0,"addAtBack":false,"image":"triangle1g","targetType":12,"comment":"220820"},"par1":{"alpha":{"list":[{"time":0,"value":1},{"time":0.85,"value":0.5},{"time":1,"value":0}]},"scale":{"list":[{"time":0,"value":1.5},{"time":0.5,"value":1},{"time":1,"value":0}],"minimumScaleMultiplier":0.5},"speed":{"list":[{"time":0,"value":200},{"time":1,"value":200}],"minimumSpeedMultiplier":0.5},"color":{"list":[{"time":0.5,"value":"#ff153c"},{"time":0.75,"value":"#ff8e1e"},{"time":1,"value":"#ff0000"}]},"colorMode":1,"acceleration":{"x":0,"y":300},"maxSpeed":null,"startRotation":{"min":0,"max":360},"noRotation":false,"rotationSpeed":{"min":0,"max":0},"angle":0,"mirrorType":0,"lifetime":{"min":0.4,"max":0.6},"blendMode":"ADD","frequency":0.001,"spawnChance":1,"particlesPerWave":1,"emitterLifetime":0.01,"maxParticles":1000,"fluctuation":{"max":0,"sensitivity":0},"spawnType":"point","pos":{"x":0,"y":0},"spawnRect":null,"spawnCircle":null,"particleSpacing":0,"angleStart":0,"addAtBack":false,"image":"particle1","targetType":12,"comment":"220410"},"darkness_s":{"alpha":{"list":[{"time":0,"value":0.5},{"time":0.5,"value":1},{"time":1,"value":0}]},"scale":{"list":[{"time":0,"value":3},{"time":1,"value":3}],"minimumScaleMultiplier":1},"speed":{"list":[{"time":0,"value":0.1},{"time":1,"value":0.1}],"minimumSpeedMultiplier":1},"color":{"list":[{"time":0,"value":"#000000"},{"time":1,"value":"#000000"}]},"colorMode":0,"acceleration":{"x":0,"y":0},"maxSpeed":null,"startRotation":{"min":40,"max":360},"noRotation":false,"rotationSpeed":{"min":1,"max":1},"angle":0,"mirrorType":0,"orderedArt":0,"lifetime":{"min":12,"max":12},"blendMode":"MULTIPLY","frequency":0.01,"spawnChance":1,"particlesPerWave":1,"emitterLifetime":-1,"maxParticles":10000,"fluctuation":{"max":0,"sensitivity":1},"spawnType":"ring","pos":{"x":0,"y":0},"spawnRect":null,"spawnCircle":{"x":0,"y":0,"r":700,"minR":130},"particleSpacing":0,"angleStart":0,"bdt":0,"brt":0,"br":0,"bdr":0,"bdx":0,"bdy":0,"addAtBack":false,"image":"cloud2","targetType":5,"comment":"220417"},"warp":{"alpha":{"list":[{"time":0,"value":1},{"time":1,"value":0}]},"scale":{"list":[{"time":0,"value":3},{"time":1,"value":0}],"minimumScaleMultiplier":0.2},"speed":{"list":[{"time":0,"value":500},{"time":1,"value":1}],"minimumSpeedMultiplier":0.5},"color":{"list":[{"time":0,"value":"#00ffe7"},{"time":1,"value":"#ffffff"}]},"colorMode":0,"acceleration":{"x":0,"y":0},"maxSpeed":null,"startRotation":{"min":-90,"max":-90},"noRotation":false,"rotationSpeed":{"min":0,"max":0},"angle":0,"mirrorType":0,"orderedArt":0,"lifetime":{"min":0.4,"max":0.8},"blendMode":"ADD","frequency":0.003,"spawnChance":1,"particlesPerWave":1,"emitterLifetime":0.15,"maxParticles":10000,"fluctuation":{"max":0,"sensitivity":0},"spawnType":"rect","pos":{"x":0,"y":0},"spawnRect":{"x":-18,"y":-150,"w":36,"h":0},"spawnCircle":null,"particleSpacing":0,"angleStart":0,"bdt":0,"brt":0,"br":0,"bdr":0,"bdx":0,"bdy":0,"addAtBack":false,"image":"line_oval3","targetType":0,"comment":"220430"},"red":{"alpha":{"list":[{"time":0,"value":0.02},{"time":1,"value":0}]},"scale":{"list":[{"time":0,"value":20},{"time":1,"value":20}],"minimumScaleMultiplier":0.9},"speed":{"list":[{"time":0,"value":1},{"time":1,"value":1}],"minimumSpeedMultiplier":1},"color":{"list":[{"time":0,"value":"#ff0000"},{"time":1,"value":"#ff0000"}]},"colorMode":1,"acceleration":{"x":0,"y":0},"maxSpeed":null,"startRotation":{"min":0,"max":360},"noRotation":false,"rotationSpeed":{"min":0,"max":0},"angle":0,"mirrorType":0,"orderedArt":0,"lifetime":{"min":1,"max":1},"blendMode":"LIGHTEN","frequency":0.05,"spawnChance":1,"particlesPerWave":0,"emitterLifetime":-1,"maxParticles":10000,"fluctuation":{"max":0,"sensitivity":0},"spawnType":"rect","pos":{"x":-500,"y":-550},"spawnRect":{"x":512,"y":512,"w":0,"h":0},"spawnCircle":null,"particleSpacing":0,"angleStart":0,"bdt":0,"brt":0,"br":0,"bdr":0,"bdx":0,"bdy":0,"addAtBack":false,"image":"flare","targetType":5,"comment":"220430"},"night":{"alpha":{"list":[{"time":0,"value":0},{"time":0.05,"value":0.05},{"time":1,"value":0}]},"scale":{"list":[{"time":0,"value":15},{"time":1,"value":20}],"minimumScaleMultiplier":0.3},"speed":{"list":[{"time":0,"value":70},{"time":1,"value":70}],"minimumSpeedMultiplier":0.3},"color":{"list":[{"time":0,"value":"#ffffff"},{"time":1,"value":"#ffffff"}]},"colorMode":1,"acceleration":{"x":0,"y":0},"maxSpeed":null,"startRotation":{"min":0,"max":0},"noRotation":false,"rotationSpeed":{"min":0,"max":0},"angle":0,"mirrorType":0,"orderedArt":0,"lifetime":{"min":30,"max":30},"blendMode":"ADD","frequency":0.8,"spawnChance":0.3,"particlesPerWave":0,"emitterLifetime":-1,"maxParticles":10000,"fluctuation":{"max":0,"sensitivity":0},"spawnType":"rect","pos":{"x":0,"y":0},"spawnRect":{"x":-508,"y":-312,"w":0,"h":624},"spawnCircle":null,"particleSpacing":0,"angleStart":0,"bdt":0,"brt":0,"br":0,"bdr":0,"bdx":0,"bdy":0,"addAtBack":false,"image":"cloud3,cloud2,cloud1","targetType":6,"comment":"220430"},"rainy":{"alpha":{"list":[{"time":0,"value":0},{"time":0.2,"value":0.6},{"time":1,"value":0}]},"scale":{"list":[{"time":0,"value":0.3},{"time":1,"value":0.3}],"minimumScaleMultiplier":0.5},"speed":{"list":[{"time":0,"value":300},{"time":1,"value":300}],"minimumSpeedMultiplier":0.5},"color":{"list":[{"time":0,"value":"#ffffff"},{"time":1,"value":"#ffffff"}]},"colorMode":0,"acceleration":{"x":0,"y":0},"maxSpeed":null,"startRotation":{"min":90,"max":90},"noRotation":false,"rotationSpeed":{"min":0,"max":0},"angle":0,"mirrorType":0,"orderedArt":0,"lifetime":{"min":0.3,"max":0.5},"blendMode":"ADD","frequency":0.008,"spawnChance":1,"particlesPerWave":0,"emitterLifetime":-1,"maxParticles":10000,"fluctuation":{"max":0,"sensitivity":0},"spawnType":"rect","pos":{"x":0,"y":0},"spawnRect":{"x":-408,"y":-412,"w":916,"h":624},"spawnCircle":null,"particleSpacing":0,"angleStart":0,"bdt":0,"brt":0,"br":0,"bdr":0,"bdx":0,"bdy":0,"addAtBack":false,"image":"line_rain2","targetType":6,"comment":"220430"},"awa":{"alpha":{"list":[{"time":0,"value":0},{"time":0.5,"value":1},{"time":1,"value":0}]},"scale":{"list":[{"time":0,"value":0.07},{"time":1,"value":0.09}],"minimumScaleMultiplier":0.2},"speed":{"list":[{"time":0,"value":40},{"time":1,"value":40}],"minimumSpeedMultiplier":0.2},"color":{"list":[{"time":0,"value":"#ff9500"},{"time":1,"value":"#ffffff"}]},"colorMode":1,"acceleration":{"x":0,"y":-10},"maxSpeed":null,"startRotation":{"min":-90,"max":-90},"noRotation":false,"rotationSpeed":{"min":0,"max":0},"angle":0,"mirrorType":0,"orderedArt":0,"lifetime":{"min":0.8,"max":1},"blendMode":"ADD","frequency":0.05,"spawnChance":1,"particlesPerWave":1,"emitterLifetime":-1,"maxParticles":10000,"fluctuation":{"max":3,"sensitivity":0.2},"spawnType":"rect","pos":{"x":0,"y":0},"spawnRect":{"x":-40,"y":-20,"w":90,"h":100},"spawnCircle":null,"particleSpacing":0,"angleStart":0,"bdt":0,"brt":0,"br":0,"bdr":0,"bdx":0,"bdy":0,"addAtBack":false,"image":"particle8,particle5","targetType":0,"comment":"220504"},"kami":{"alpha":{"list":[{"time":0,"value":1},{"time":1,"value":0}]},"scale":{"list":[{"time":0,"value":0.25},{"time":1,"value":0.25}],"minimumScaleMultiplier":0.75},"speed":{"list":[{"time":0,"value":200},{"time":1,"value":200}],"minimumSpeedMultiplier":0.5},"color":{"list":[{"time":0,"value":"#e0ff14"},{"time":0.5,"value":"#ff3232"},{"time":0.75,"value":"#a1ff35"},{"time":1,"value":"#2dffd9"}]},"colorMode":1,"acceleration":{"x":0,"y":0},"maxSpeed":null,"startRotation":{"min":0,"max":0},"noRotation":false,"rotationSpeed":{"min":-180,"max":180},"angle":-1,"mirrorType":0,"orderedArt":0,"lifetime":{"min":2,"max":4},"blendMode":"NORMAL","frequency":0.05,"spawnChance":1,"particlesPerWave":1,"emitterLifetime":-1,"maxParticles":10000,"fluctuation":{"max":5,"sensitivity":0.2},"spawnType":"rect","pos":{"x":0,"y":0},"spawnRect":{"x":-550,"y":-312,"w":816,"h":624},"spawnCircle":null,"particleSpacing":0,"angleStart":0,"bdt":0,"brt":0,"br":0,"bdr":0,"bdx":0,"bdy":0,"addAtBack":false,"image":"snow_particle2","targetType":6,"comment":"220527"},"city1":{"alpha":{"list":[{"time":0,"value":0},{"time":0.05,"value":0.1},{"time":0.9,"value":0.1},{"time":1,"value":0}]},"scale":{"list":[{"time":0,"value":4},{"time":0.5,"value":4},{"time":1,"value":4}],"minimumScaleMultiplier":0.3},"speed":{"list":[{"time":0,"value":70},{"time":1,"value":70}],"minimumSpeedMultiplier":0.3},"color":{"list":[{"time":0,"value":"#ffffff"},{"time":1,"value":"#ffffff"}]},"colorMode":1,"acceleration":{"x":0,"y":0},"maxSpeed":null,"startRotation":{"min":0,"max":0},"noRotation":false,"rotationSpeed":{"min":0,"max":0},"angle":0,"mirrorType":0,"orderedArt":0,"lifetime":{"min":30,"max":30},"blendMode":"ADD","frequency":0.3,"spawnChance":1,"particlesPerWave":0,"emitterLifetime":-1,"maxParticles":10000,"fluctuation":{"max":0,"sensitivity":0},"spawnType":"rect","pos":{"x":0,"y":0},"spawnRect":{"x":-616,"y":-312,"w":0,"h":624},"spawnCircle":null,"particleSpacing":0,"angleStart":0,"bdt":0,"brt":0,"br":0,"bdr":0,"bdx":0,"bdy":0,"addAtBack":false,"image":"cloud3,cloud2,cloud1","targetType":6,"comment":"220901"},"city2":{"alpha":{"list":[{"time":0,"value":0},{"time":0.2,"value":0.6},{"time":1,"value":0}]},"scale":{"list":[{"time":0,"value":0.3},{"time":1,"value":0.3}],"minimumScaleMultiplier":0.5},"speed":{"list":[{"time":0,"value":300},{"time":1,"value":300}],"minimumSpeedMultiplier":0.5},"color":{"list":[{"time":0,"value":"#ffffff"},{"time":1,"value":"#ffffff"}]},"colorMode":0,"acceleration":{"x":0,"y":0},"maxSpeed":null,"startRotation":{"min":90,"max":90},"noRotation":false,"rotationSpeed":{"min":0,"max":0},"angle":0,"mirrorType":0,"orderedArt":0,"lifetime":{"min":0.3,"max":0.5},"blendMode":"ADD","frequency":0.006,"spawnChance":1,"particlesPerWave":0,"emitterLifetime":-1,"maxParticles":10000,"fluctuation":{"max":0,"sensitivity":0},"spawnType":"rect","pos":{"x":0,"y":0},"spawnRect":{"x":-500,"y":-412,"w":1024,"h":624},"spawnCircle":null,"particleSpacing":0,"angleStart":0,"bdt":0,"brt":0,"br":0,"bdr":0,"bdx":0,"bdy":0,"addAtBack":false,"image":"line_rain2","targetType":6,"comment":"220901"},"sec":{"alpha":{"list":[{"time":0,"value":0},{"time":0.2,"value":0.9},{"time":0.9,"value":0.5},{"time":1,"value":0}]},"scale":{"list":[{"time":0,"value":0},{"time":0.2,"value":0.3},{"time":0.7,"value":0},{"time":0.9,"value":0.1},{"time":1,"value":0.3}],"minimumScaleMultiplier":0.1},"speed":{"list":[{"time":0,"value":1},{"time":0.2,"value":100},{"time":1,"value":100}],"minimumSpeedMultiplier":0.5},"color":{"list":[{"time":0,"value":"#e0ff14"},{"time":0.25,"value":"#44ff15"},{"time":0.5,"value":"#15fffc"},{"time":0.75,"value":"#c800ff"},{"time":1,"value":"#ff0000"}]},"colorMode":0,"acceleration":{"x":0,"y":0},"maxSpeed":null,"startRotation":{"min":-90,"max":-90},"noRotation":false,"rotationSpeed":{"min":0,"max":0},"angle":0,"mirrorType":0,"orderedArt":0,"lifetime":{"min":1,"max":3},"blendMode":"ADD","frequency":0.07,"spawnChance":1,"particlesPerWave":0,"emitterLifetime":-1,"maxParticles":10000,"fluctuation":{"max":0,"sensitivity":0},"spawnType":"rect","pos":{"x":0,"y":0},"spawnRect":{"x":-24,"y":0,"w":48,"h":0},"spawnCircle":null,"particleSpacing":0,"angleStart":0,"bdt":0,"brt":0,"br":0,"bdr":0,"bdx":0,"bdy":0,"addAtBack":false,"image":"bubble2g","targetType":0,"comment":"220901"},"city3":{"alpha":{"list":[{"time":0,"value":1},{"time":0.2,"value":1},{"time":1,"value":0}]},"scale":{"list":[{"time":0,"value":4},{"time":0.2,"value":4},{"time":1,"value":4}],"minimumScaleMultiplier":0.2},"speed":{"list":[{"time":0,"value":1},{"time":1,"value":1}],"minimumSpeedMultiplier":0.5},"color":{"list":[{"time":0,"value":"#ffff20"},{"time":0.05,"value":"#d1c6ff"},{"time":1,"value":"#c1fff8"}]},"colorMode":0,"acceleration":{"x":0,"y":0},"maxSpeed":null,"startRotation":{"min":85,"max":95},"noRotation":false,"rotationSpeed":{"min":0,"max":0},"angle":0,"mirrorType":2,"orderedArt":0,"lifetime":{"min":0.5,"max":1},"blendMode":"ADD","frequency":4,"spawnChance":1,"particlesPerWave":0,"emitterLifetime":-1,"maxParticles":10000,"fluctuation":{"max":0,"sensitivity":0.02},"spawnType":"rect","pos":{"x":0,"y":0},"spawnRect":{"x":-408,"y":-412,"w":816,"h":200},"spawnCircle":null,"particleSpacing":0,"angleStart":0,"bdt":0,"brt":0,"br":0,"bdr":0,"bdx":0,"bdy":0,"addAtBack":false,"image":"thunder1,thunder2","targetType":6,"comment":"220902"}}