﻿[null,{"id":1,"animationId":6,"description":"","etypeId":1,"traits":[{"code":31,"dataId":1,"value":0},{"code":22,"dataId":0,"value":0}],"iconIndex":97,"name":"剑","note":"","params":[0,0,10,0,0,0,0,0],"price":500,"wtypeId":2},{"id":2,"animationId":6,"description":"","etypeId":1,"traits":[{"code":31,"dataId":1,"value":0},{"code":22,"dataId":0,"value":0}],"iconIndex":99,"name":"斧头","note":"","params":[0,0,10,0,0,0,0,0],"price":500,"wtypeId":4},{"id":3,"animationId":1,"description":"","etypeId":1,"traits":[{"code":31,"dataId":1,"value":0},{"code":22,"dataId":0,"value":0}],"iconIndex":101,"name":"甘蔗","note":"","params":[0,0,10,0,0,0,0,0],"price":500,"wtypeId":6},{"id":4,"animationId":11,"description":"","etypeId":1,"traits":[{"code":31,"dataId":1,"value":0},{"code":22,"dataId":0,"value":0}],"iconIndex":102,"name":"弓","note":"","params":[0,0,10,0,0,0,0,0],"price":500,"wtypeId":7}]